id,name,email,country,amount,date
1,Bob 1,bob.11@example.com,USA,744.13,2024-05-05
2,Diana 2,diana.22@example.com,Canada,739.1,2024-12-12
3,Ivan 3,ivan.33@example.com,Mexico,594.58,2024-01-17
4,Alice 4,alice.44@example.com,Mexico,226.45,2024-09-15
5,Julia 5,julia.55@example.com,USA,565.63,2024-11-28
6,Ivan 6,ivan.66@example.com,Spain,228.23,2024-10-28
7,Eduardo 7,eduardo.77@example.com,USA,761.21,2024-03-22
8,George 8,george.88@example.com,Germany,285.09,2024-04-20
9,Fatima 9,fatima.99@example.com,Mexico,101.82,2024-02-19
10,Fatima 10,fatima.1010@example.com,Germany,607.68,2024-01-23
11,Hannah 11,hannah.1111@example.com,Japan,133.58,2024-07-12
12,Bob 12,bob.1212@example.com,Japan,300.24,2024-11-17
13,Julia 13,julia.1313@example.com,Germany,581.57,2024-12-26
14,Bob 14,bob.1414@example.com,USA,664.64,2024-05-28
15,Bob 15,bob.1515@example.com,UK,867.81,2024-07-13
16,Eduardo 16,eduardo.1616@example.com,Italy,639.32,2024-07-05
17,Carlos 17,carlos.1717@example.com,Germany,361.71,2024-12-09
18,Eduardo 18,eduardo.1818@example.com,Mexico,613.03,2024-03-28
19,Ivan 19,ivan.1919@example.com,UK,171.77,2024-07-13
20,Eduardo 20,eduardo.2020@example.com,Japan,227.42,2024-06-15
21,Alice 21,alice.2121@example.com,UK,823.58,2024-06-10
22,George 22,george.2222@example.com,France,75.53,2024-10-17
23,Fatima 23,fatima.2323@example.com,UK,658.88,2024-07-21
24,Hannah 24,hannah.2424@example.com,Canada,272.23,2024-05-06
25,Ivan 25,ivan.2525@example.com,Japan,270.11,2024-10-26
26,George 26,george.2626@example.com,Brazil,405.4,2024-04-22
27,Carlos 27,carlos.2727@example.com,Japan,498.58,2024-01-25
28,Bob 28,bob.2828@example.com,Canada,631.17,2024-12-14
29,George 29,george.2929@example.com,Brazil,72.89,2024-07-14
30,Julia 30,julia.3030@example.com,Italy,533.82,2024-10-10
31,Alice 31,alice.3131@example.com,Mexico,684.89,2024-10-01
32,Eduardo 32,eduardo.3232@example.com,Germany,120.44,2024-08-10
33,Carlos 33,carlos.3333@example.com,Italy,13.21,2024-05-14
34,Ivan 34,ivan.3434@example.com,Canada,512.6,2024-02-24
35,Eduardo 35,eduardo.3535@example.com,Japan,612.87,2024-03-19
36,Fatima 36,fatima.3636@example.com,Canada,543.98,2024-09-28
37,Alice 37,alice.3737@example.com,Brazil,330.91,2024-01-10
38,Bob 38,bob.3838@example.com,Germany,879.93,2024-06-06
39,Diana 39,diana.3939@example.com,USA,248.46,2024-10-17
40,Bob 40,bob.4040@example.com,Mexico,734.58,2024-02-05
41,Ivan 41,ivan.4141@example.com,Canada,137.11,2024-08-31
42,Ivan 42,ivan.4242@example.com,Canada,272.4,2024-11-06
43,George 43,george.4343@example.com,UK,929.62,2024-12-19
44,Diana 44,diana.4444@example.com,France,405.0,2024-12-09
45,Fatima 45,fatima.4545@example.com,Italy,900.61,2024-08-19
46,Bob 46,bob.4646@example.com,UK,232.45,2024-06-22
47,Alice 47,alice.4747@example.com,Brazil,558.38,2024-10-28
48,Diana 48,diana.4848@example.com,USA,80.28,2024-11-19
49,Alice 49,alice.4949@example.com,UK,76.73,2024-01-17
50,Fatima 50,fatima.5050@example.com,Mexico,519.01,2024-05-22
51,Hannah 51,hannah.5151@example.com,UK,543.84,2024-10-19
52,Julia 52,julia.5252@example.com,Italy,250.56,2024-08-30
53,George 53,george.5353@example.com,UK,103.38,2024-12-03
54,George 54,george.5454@example.com,Germany,429.34,2024-08-27
55,Alice 55,alice.5555@example.com,Mexico,70.01,2024-06-22
56,Bob 56,bob.5656@example.com,UK,199.67,2024-10-01
57,Hannah 57,hannah.5757@example.com,Canada,427.66,2024-05-22
58,Hannah 58,hannah.5858@example.com,UK,875.73,2024-02-08
59,Hannah 59,hannah.5959@example.com,Japan,106.93,2024-11-29
60,Ivan 60,ivan.6060@example.com,USA,969.3,2024-05-01
61,Carlos 61,carlos.6161@example.com,Spain,490.78,2024-04-19
62,George 62,george.6262@example.com,USA,172.99,2024-01-02
63,George 63,george.6363@example.com,France,927.24,2024-08-20
64,Eduardo 64,eduardo.6464@example.com,Spain,699.62,2024-10-11
65,Hannah 65,hannah.6565@example.com,Canada,198.0,2024-04-21
66,Alice 66,alice.6666@example.com,Brazil,738.37,2024-02-01
67,Fatima 67,fatima.6767@example.com,USA,59.64,2024-09-01
68,Ivan 68,ivan.6868@example.com,Japan,165.86,2024-09-17
69,Bob 69,bob.6969@example.com,Canada,77.84,2024-02-04
70,Diana 70,diana.7070@example.com,Spain,128.69,2024-10-18
71,Diana 71,diana.7171@example.com,Brazil,598.57,2024-11-13
72,Bob 72,bob.7272@example.com,Spain,660.79,2024-10-16
73,Ivan 73,ivan.7373@example.com,Germany,935.35,2024-04-14
74,Fatima 74,fatima.7474@example.com,UK,272.96,2024-03-08
75,Eduardo 75,eduardo.7575@example.com,Italy,323.01,2024-02-07
76,Alice 76,alice.7676@example.com,Italy,624.94,2024-10-15
77,Bob 77,bob.7777@example.com,Mexico,542.25,2024-09-16
78,Eduardo 78,eduardo.7878@example.com,Canada,933.92,2024-02-05
79,Diana 79,diana.7979@example.com,Germany,292.13,2024-08-12
80,Ivan 80,ivan.8080@example.com,France,615.55,2024-11-30
81,Ivan 81,ivan.8181@example.com,USA,671.18,2024-10-10
82,Eduardo 82,eduardo.8282@example.com,Mexico,939.53,2024-03-09
83,Eduardo 83,eduardo.8383@example.com,Mexico,890.81,2024-10-10
84,Carlos 84,carlos.8484@example.com,France,288.94,2024-04-17
85,Fatima 85,fatima.8585@example.com,UK,690.62,2024-05-15
86,Ivan 86,ivan.8686@example.com,Italy,258.61,2024-01-27
87,Bob 87,bob.8787@example.com,Spain,831.05,2024-01-23
88,Alice 88,alice.8888@example.com,Germany,773.4,2024-11-22
89,Eduardo 89,eduardo.8989@example.com,Canada,743.81,2024-10-09
90,George 90,george.9090@example.com,Japan,19.57,2024-02-08
91,Carlos 91,carlos.9191@example.com,Japan,45.67,2024-07-08
92,Julia 92,julia.9292@example.com,Japan,156.61,2024-03-06
93,Alice 93,alice.9393@example.com,France,371.0,2024-01-21
94,Fatima 94,fatima.9494@example.com,UK,685.24,2024-12-07
95,Bob 95,bob.9595@example.com,Germany,782.31,2024-07-27
96,Julia 96,julia.9696@example.com,Canada,926.5,2024-05-01
97,Carlos 97,carlos.9797@example.com,Canada,882.59,2024-01-13
98,Carlos 98,carlos.9898@example.com,Germany,784.55,2024-07-29
99,Diana 99,diana.9999@example.com,France,167.6,2024-12-25
100,Bob 100,bob.100100@example.com,Spain,873.44,2024-08-28
101,Diana 101,diana.101101@example.com,UK,818.41,2024-08-23
102,Fatima 102,fatima.102102@example.com,France,822.32,2024-04-26
103,Diana 103,diana.103103@example.com,USA,663.43,2024-07-23
104,Fatima 104,fatima.104104@example.com,France,865.7,2024-05-22
105,Fatima 105,fatima.105105@example.com,Japan,405.68,2024-10-01
106,Fatima 106,fatima.106106@example.com,USA,124.19,2024-05-13
107,Carlos 107,carlos.107107@example.com,Brazil,962.9,2024-05-15
108,Alice 108,alice.108108@example.com,Mexico,600.6,2024-06-25
109,Fatima 109,fatima.109109@example.com,Spain,610.14,2024-09-18
110,Bob 110,bob.110110@example.com,Spain,900.5,2024-04-07
111,Eduardo 111,eduardo.111111@example.com,USA,711.69,2024-01-01
112,Ivan 112,ivan.112112@example.com,Japan,689.98,2024-12-09
113,Diana 113,diana.113113@example.com,Germany,436.98,2024-12-06
114,Fatima 114,fatima.114114@example.com,Brazil,320.77,2024-03-04
115,Eduardo 115,eduardo.115115@example.com,Japan,316.19,2024-07-28
116,Fatima 116,fatima.116116@example.com,Spain,700.23,2024-10-10
117,Carlos 117,carlos.117117@example.com,UK,426.24,2024-07-13
118,Carlos 118,carlos.118118@example.com,Brazil,573.41,2024-07-26
119,Ivan 119,ivan.119119@example.com,USA,310.83,2024-04-17
120,George 120,george.120120@example.com,Brazil,610.59,2024-06-13
121,Hannah 121,hannah.121121@example.com,Italy,447.73,2024-04-19
122,Ivan 122,ivan.122122@example.com,Italy,795.79,2024-03-27
123,Bob 123,bob.123123@example.com,France,520.29,2024-11-20
124,Julia 124,julia.124124@example.com,Germany,102.45,2024-04-30
125,Eduardo 125,eduardo.125125@example.com,UK,808.49,2024-03-16
126,Alice 126,alice.126126@example.com,USA,252.39,2024-08-31
127,Julia 127,julia.127127@example.com,Mexico,460.86,2024-11-18
128,Julia 128,julia.128128@example.com,UK,721.16,2024-07-15
129,Hannah 129,hannah.129129@example.com,Spain,251.54,2024-12-01
130,Alice 130,alice.130130@example.com,Mexico,780.63,2024-04-22
131,Carlos 131,carlos.131131@example.com,Japan,469.9,2024-10-12
132,Diana 132,diana.132132@example.com,Mexico,461.89,2024-08-25
133,Ivan 133,ivan.133133@example.com,Japan,599.49,2024-08-14
134,Julia 134,julia.134134@example.com,Japan,432.47,2024-10-07
135,Hannah 135,hannah.135135@example.com,Canada,746.21,2024-08-31
136,Hannah 136,hannah.136136@example.com,France,754.25,2024-11-22
137,Eduardo 137,eduardo.137137@example.com,Japan,489.75,2024-05-02
138,Eduardo 138,eduardo.138138@example.com,Italy,86.71,2024-05-26
139,Diana 139,diana.139139@example.com,France,342.49,2024-10-03
140,Bob 140,bob.140140@example.com,Canada,159.32,2024-07-15
141,Carlos 141,carlos.141141@example.com,UK,73.59,2024-07-27
142,Fatima 142,fatima.142142@example.com,Japan,471.26,2024-02-01
143,Diana 143,diana.143143@example.com,Spain,395.58,2024-10-26
144,Alice 144,alice.144144@example.com,Brazil,386.57,2024-01-04
145,Fatima 145,fatima.145145@example.com,France,755.93,2024-08-02
146,Ivan 146,ivan.146146@example.com,Japan,801.86,2024-04-22
147,Hannah 147,hannah.147147@example.com,UK,280.2,2024-09-05
148,Alice 148,alice.148148@example.com,Spain,342.76,2024-12-13
149,George 149,george.149149@example.com,Canada,842.09,2024-03-06
150,Julia 150,julia.150150@example.com,Japan,36.7,2024-07-20
151,Julia 151,julia.151151@example.com,Brazil,666.36,2024-02-12
152,George 152,george.152152@example.com,Canada,868.17,2024-04-03
153,Alice 153,alice.153153@example.com,France,385.31,2024-04-18
154,Hannah 154,hannah.154154@example.com,Germany,344.12,2024-07-13
155,Eduardo 155,eduardo.155155@example.com,Spain,259.75,2024-02-11
156,Hannah 156,hannah.156156@example.com,USA,751.53,2024-01-27
157,Fatima 157,fatima.157157@example.com,UK,653.64,2024-11-29
158,Alice 158,alice.158158@example.com,USA,950.11,2024-04-12
159,Alice 159,alice.159159@example.com,Brazil,160.86,2024-03-05
160,Hannah 160,hannah.160160@example.com,Mexico,568.32,2024-04-21
161,Hannah 161,hannah.161161@example.com,France,769.22,2024-03-26
162,Julia 162,julia.162162@example.com,Brazil,964.09,2024-02-28
163,Carlos 163,carlos.163163@example.com,France,117.02,2024-01-14
164,Eduardo 164,eduardo.164164@example.com,Brazil,680.57,2024-07-11
165,George 165,george.165165@example.com,UK,85.24,2024-12-19
166,Diana 166,diana.166166@example.com,Mexico,700.21,2024-06-03
167,Julia 167,julia.167167@example.com,Mexico,798.26,2024-10-16
168,Alice 168,alice.168168@example.com,Germany,537.41,2024-12-04
169,Fatima 169,fatima.169169@example.com,Mexico,510.9,2024-06-23
170,Alice 170,alice.170170@example.com,Spain,824.1,2024-02-24
171,George 171,george.171171@example.com,Germany,639.22,2024-08-23
172,Carlos 172,carlos.172172@example.com,Spain,184.37,2024-09-24
173,Eduardo 173,eduardo.173173@example.com,Brazil,810.11,2024-10-02
174,Hannah 174,hannah.174174@example.com,Italy,441.21,2024-10-30
175,Eduardo 175,eduardo.175175@example.com,Germany,853.19,2024-02-14
176,Eduardo 176,eduardo.176176@example.com,Italy,251.42,2024-08-25
177,Julia 177,julia.177177@example.com,Brazil,671.5,2024-06-21
178,Alice 178,alice.178178@example.com,Italy,852.43,2024-04-03
179,Hannah 179,hannah.179179@example.com,UK,361.27,2024-05-12
180,Fatima 180,fatima.180180@example.com,France,881.51,2024-12-25
181,Eduardo 181,eduardo.181181@example.com,Japan,20.05,2024-04-07
182,Bob 182,bob.182182@example.com,UK,722.87,2024-09-07
183,Ivan 183,ivan.183183@example.com,UK,693.7,2024-11-26
184,Hannah 184,hannah.184184@example.com,Italy,795.0,2024-02-17
185,Eduardo 185,eduardo.185185@example.com,UK,410.35,2024-05-04
186,Eduardo 186,eduardo.186186@example.com,Brazil,375.33,2024-10-10
187,Ivan 187,ivan.187187@example.com,Germany,431.24,2024-10-08
188,Fatima 188,fatima.188188@example.com,Germany,705.82,2024-05-18
189,Eduardo 189,eduardo.189189@example.com,France,238.23,2024-04-08
190,Fatima 190,fatima.190190@example.com,Mexico,745.44,2024-12-19
191,Carlos 191,carlos.191191@example.com,UK,224.22,2024-09-04
192,Eduardo 192,eduardo.192192@example.com,Brazil,976.83,2024-09-25
193,Julia 193,julia.193193@example.com,France,980.7,2024-04-09
194,Eduardo 194,eduardo.194194@example.com,UK,367.27,2024-06-03
195,Alice 195,alice.195195@example.com,Japan,135.32,2024-01-24
196,Alice 196,alice.196196@example.com,Japan,299.21,2024-03-05
197,Hannah 197,hannah.197197@example.com,Mexico,873.98,2024-10-20
198,Eduardo 198,eduardo.198198@example.com,Italy,483.92,2024-06-23
199,Carlos 199,carlos.199199@example.com,USA,259.95,2024-09-01
200,Bob 200,bob.200200@example.com,Mexico,406.7,2024-02-07
201,Julia 201,julia.201201@example.com,USA,160.21,2024-10-15
202,Eduardo 202,eduardo.202202@example.com,Mexico,993.97,2024-03-01
203,Ivan 203,ivan.203203@example.com,Spain,610.25,2024-11-12
204,Diana 204,diana.204204@example.com,Japan,386.57,2024-08-14
205,Eduardo 205,eduardo.205205@example.com,Brazil,990.12,2024-06-05
206,Julia 206,julia.206206@example.com,Brazil,69.63,2024-02-20
207,Diana 207,diana.207207@example.com,UK,272.0,2024-02-11
208,Carlos 208,carlos.208208@example.com,UK,182.07,2024-02-08
209,Carlos 209,carlos.209209@example.com,USA,414.43,2024-12-18
210,Julia 210,julia.210210@example.com,Italy,298.34,2024-04-28
211,Eduardo 211,eduardo.211211@example.com,France,705.95,2024-08-20
212,Bob 212,bob.212212@example.com,UK,924.66,2024-11-16
213,Julia 213,julia.213213@example.com,UK,430.88,2024-10-05
214,Diana 214,diana.214214@example.com,Canada,909.32,2024-03-13
215,Bob 215,bob.215215@example.com,USA,174.26,2024-06-06
216,Julia 216,julia.216216@example.com,Brazil,921.97,2024-08-12
217,Bob 217,bob.217217@example.com,Italy,691.78,2024-12-24
218,George 218,george.218218@example.com,France,505.46,2024-09-09
219,Hannah 219,hannah.219219@example.com,Mexico,602.05,2024-08-09
220,Fatima 220,fatima.220220@example.com,Brazil,257.86,2024-02-16
221,Diana 221,diana.221221@example.com,Brazil,591.25,2024-01-11
222,Eduardo 222,eduardo.222222@example.com,Brazil,49.83,2024-03-30
223,Hannah 223,hannah.223223@example.com,Japan,654.99,2024-05-22
224,Carlos 224,carlos.224224@example.com,Brazil,441.52,2024-09-08
225,Bob 225,bob.225225@example.com,Italy,354.48,2024-06-19
226,Fatima 226,fatima.226226@example.com,Mexico,859.15,2024-06-17
227,George 227,george.227227@example.com,Italy,295.33,2024-07-24
228,Ivan 228,ivan.228228@example.com,USA,460.27,2024-06-10
229,Eduardo 229,eduardo.229229@example.com,Germany,124.76,2024-07-25
230,Ivan 230,ivan.230230@example.com,USA,661.08,2024-10-04
231,Hannah 231,hannah.231231@example.com,Spain,63.66,2024-09-22
232,Fatima 232,fatima.232232@example.com,Brazil,758.87,2024-11-16
233,Hannah 233,hannah.233233@example.com,USA,211.52,2024-10-08
234,Carlos 234,carlos.234234@example.com,France,443.73,2024-12-23
235,Hannah 235,hannah.235235@example.com,Mexico,38.58,2024-11-18
236,Julia 236,julia.236236@example.com,UK,712.68,2024-06-08
237,Ivan 237,ivan.237237@example.com,USA,556.72,2024-02-17
238,Diana 238,diana.238238@example.com,Mexico,466.83,2024-03-01
239,Carlos 239,carlos.239239@example.com,Italy,933.32,2024-05-29
240,Ivan 240,ivan.240240@example.com,France,421.33,2024-09-04
241,Hannah 241,hannah.241241@example.com,UK,462.21,2024-03-15
242,George 242,george.242242@example.com,UK,922.64,2024-09-17
243,Carlos 243,carlos.243243@example.com,Mexico,283.48,2024-07-31
244,Fatima 244,fatima.244244@example.com,Japan,274.5,2024-01-02
245,Eduardo 245,eduardo.245245@example.com,France,839.09,2024-10-23
246,Hannah 246,hannah.246246@example.com,Canada,452.08,2024-09-04
247,Fatima 247,fatima.247247@example.com,Germany,556.39,2024-10-05
248,George 248,george.248248@example.com,Italy,933.51,2024-04-06
249,Diana 249,diana.249249@example.com,Brazil,389.14,2024-07-29
250,Alice 250,alice.250250@example.com,Germany,747.25,2024-12-27
251,George 251,george.251251@example.com,Spain,988.52,2024-11-29
252,Carlos 252,carlos.252252@example.com,Italy,965.17,2024-03-05
253,Ivan 253,ivan.253253@example.com,Brazil,338.67,2024-02-21
254,Hannah 254,hannah.254254@example.com,Mexico,530.69,2024-08-21
255,Alice 255,alice.255255@example.com,Canada,415.87,2024-12-01
256,Carlos 256,carlos.256256@example.com,Mexico,474.79,2024-05-15
257,Fatima 257,fatima.257257@example.com,Brazil,695.77,2024-11-28
258,Bob 258,bob.258258@example.com,Germany,853.81,2024-09-30
259,George 259,george.259259@example.com,Germany,630.52,2024-09-06
260,Ivan 260,ivan.260260@example.com,USA,621.28,2024-04-30
261,Eduardo 261,eduardo.261261@example.com,UK,749.29,2024-08-10
262,Bob 262,bob.262262@example.com,Mexico,449.24,2024-12-21
263,Eduardo 263,eduardo.263263@example.com,USA,55.53,2024-01-29
264,Eduardo 264,eduardo.264264@example.com,Germany,381.09,2024-03-15
265,Diana 265,diana.265265@example.com,Japan,417.93,2024-12-15
266,Carlos 266,carlos.266266@example.com,Canada,183.32,2024-11-08
267,George 267,george.267267@example.com,Brazil,686.3,2024-09-11
268,Julia 268,julia.268268@example.com,Canada,239.86,2024-11-22
269,Eduardo 269,eduardo.269269@example.com,Italy,262.77,2024-01-05
270,Hannah 270,hannah.270270@example.com,France,680.83,2024-03-21
271,Bob 271,bob.271271@example.com,Italy,945.77,2024-10-27
272,Eduardo 272,eduardo.272272@example.com,Spain,693.4,2024-08-21
273,Eduardo 273,eduardo.273273@example.com,UK,999.37,2024-09-04
274,Bob 274,bob.274274@example.com,UK,387.55,2024-07-02
275,Julia 275,julia.275275@example.com,France,992.76,2024-05-31
276,Alice 276,alice.276276@example.com,Spain,281.73,2024-10-16
277,Alice 277,alice.277277@example.com,Brazil,747.71,2024-05-26
278,Diana 278,diana.278278@example.com,Brazil,803.9,2024-04-22
279,Diana 279,diana.279279@example.com,Brazil,258.12,2024-12-03
280,Carlos 280,carlos.280280@example.com,Mexico,904.36,2024-11-26
281,Alice 281,alice.281281@example.com,France,790.72,2024-01-18
282,Julia 282,julia.282282@example.com,Germany,735.03,2024-02-16
283,Eduardo 283,eduardo.283283@example.com,Germany,750.0,2024-03-30
284,Diana 284,diana.284284@example.com,Canada,788.64,2024-07-06
285,Ivan 285,ivan.285285@example.com,Japan,914.34,2024-03-25
286,Eduardo 286,eduardo.286286@example.com,Italy,967.7,2024-05-31
287,Fatima 287,fatima.287287@example.com,Mexico,473.64,2024-02-08
288,Carlos 288,carlos.288288@example.com,UK,861.53,2024-12-11
289,George 289,george.289289@example.com,Japan,372.11,2024-07-21
290,Alice 290,alice.290290@example.com,France,541.2,2024-08-20
291,Fatima 291,fatima.291291@example.com,France,588.71,2024-11-22
292,Fatima 292,fatima.292292@example.com,Mexico,678.08,2024-08-29
293,Alice 293,alice.293293@example.com,Brazil,885.38,2024-10-14
294,Fatima 294,fatima.294294@example.com,Brazil,229.15,2024-02-02
295,Hannah 295,hannah.295295@example.com,France,652.74,2024-02-29
296,Carlos 296,carlos.296296@example.com,USA,946.79,2024-06-04
297,Hannah 297,hannah.297297@example.com,Mexico,106.22,2024-10-02
298,Carlos 298,carlos.298298@example.com,Spain,459.1,2024-12-09
299,Ivan 299,ivan.299299@example.com,Spain,591.46,2024-03-20
300,George 300,george.300300@example.com,Mexico,835.35,2024-11-11
301,George 301,george.301301@example.com,France,42.39,2024-07-08
302,Diana 302,diana.302302@example.com,Italy,450.24,2024-04-30
303,Fatima 303,fatima.303303@example.com,Mexico,981.11,2024-07-07
304,Ivan 304,ivan.304304@example.com,Germany,69.94,2024-05-21
305,Diana 305,diana.305305@example.com,Mexico,949.51,2024-08-20
306,Bob 306,bob.306306@example.com,UK,645.28,2024-11-01
307,Alice 307,alice.307307@example.com,USA,788.92,2024-05-04
308,Carlos 308,carlos.308308@example.com,Brazil,213.15,2024-10-10
309,Diana 309,diana.309309@example.com,Brazil,223.79,2024-04-29
310,Fatima 310,fatima.310310@example.com,Canada,790.75,2024-11-01
311,Alice 311,alice.311311@example.com,France,859.81,2024-03-15
312,Carlos 312,carlos.312312@example.com,Japan,258.15,2024-03-30
313,Bob 313,bob.313313@example.com,USA,140.48,2024-07-02
314,Diana 314,diana.314314@example.com,Brazil,330.53,2024-03-30
315,Eduardo 315,eduardo.315315@example.com,USA,135.49,2024-08-03
316,Ivan 316,ivan.316316@example.com,Mexico,748.2,2024-08-31
317,Hannah 317,hannah.317317@example.com,Germany,518.1,2024-02-25
318,Hannah 318,hannah.318318@example.com,Japan,229.33,2024-11-10
319,Alice 319,alice.319319@example.com,Japan,308.61,2024-11-25
320,Alice 320,alice.320320@example.com,USA,998.59,2024-07-24
321,George 321,george.321321@example.com,Mexico,495.36,2024-08-15
322,Bob 322,bob.322322@example.com,Mexico,328.89,2024-03-16
323,Bob 323,bob.323323@example.com,Canada,282.26,2024-11-20
324,Julia 324,julia.324324@example.com,Japan,715.02,2024-07-14
325,Julia 325,julia.325325@example.com,Japan,301.95,2024-09-15
326,Julia 326,julia.326326@example.com,Spain,108.19,2024-12-25
327,Bob 327,bob.327327@example.com,Japan,723.62,2024-04-20
328,George 328,george.328328@example.com,Italy,889.2,2024-07-30
329,Fatima 329,fatima.329329@example.com,Italy,404.74,2024-02-18
330,Fatima 330,fatima.330330@example.com,Spain,319.4,2024-05-10
331,Fatima 331,fatima.331331@example.com,Canada,689.95,2024-08-30
332,Bob 332,bob.332332@example.com,Mexico,833.45,2024-02-17
333,George 333,george.333333@example.com,Mexico,747.14,2024-07-09
334,Carlos 334,carlos.334334@example.com,Japan,69.38,2024-10-14
335,Ivan 335,ivan.335335@example.com,Germany,673.31,2024-07-29
336,Fatima 336,fatima.336336@example.com,Spain,869.4,2024-01-27
337,Eduardo 337,eduardo.337337@example.com,Brazil,319.32,2024-02-23
338,Julia 338,julia.338338@example.com,Japan,220.61,2024-12-02
339,Hannah 339,hannah.339339@example.com,UK,848.79,2024-06-28
340,Ivan 340,ivan.340340@example.com,Germany,123.74,2024-05-22
341,Julia 341,julia.341341@example.com,UK,809.14,2024-10-14
342,Julia 342,julia.342342@example.com,Brazil,678.22,2024-10-12
343,Alice 343,alice.343343@example.com,Brazil,929.78,2024-12-21
344,Eduardo 344,eduardo.344344@example.com,USA,188.61,2024-12-25
345,Eduardo 345,eduardo.345345@example.com,Germany,357.51,2024-04-02
346,Carlos 346,carlos.346346@example.com,Brazil,660.76,2024-02-05
347,Carlos 347,carlos.347347@example.com,USA,100.84,2024-09-28
348,Diana 348,diana.348348@example.com,Spain,425.63,2024-06-23
349,Carlos 349,carlos.349349@example.com,Germany,318.52,2024-06-15
350,Julia 350,julia.350350@example.com,Brazil,94.11,2024-01-27
351,Carlos 351,carlos.351351@example.com,Canada,756.88,2024-01-26
352,Bob 352,bob.352352@example.com,France,448.68,2024-08-05
353,Hannah 353,hannah.353353@example.com,Brazil,447.62,2024-05-19
354,Diana 354,diana.354354@example.com,Japan,122.68,2024-08-08
355,Bob 355,bob.355355@example.com,France,681.43,2024-10-30
356,Hannah 356,hannah.356356@example.com,Japan,670.45,2024-01-24
357,Diana 357,diana.357357@example.com,Spain,984.59,2024-01-29
358,Alice 358,alice.358358@example.com,UK,308.4,2024-04-18
359,Carlos 359,carlos.359359@example.com,France,296.55,2024-03-02
360,Alice 360,alice.360360@example.com,Italy,749.54,2024-03-30
361,Carlos 361,carlos.361361@example.com,Spain,537.25,2024-04-27
362,Ivan 362,ivan.362362@example.com,Japan,835.01,2024-06-30
363,Bob 363,bob.363363@example.com,Spain,863.14,2024-01-22
364,George 364,george.364364@example.com,USA,465.15,2024-02-09
365,Fatima 365,fatima.365365@example.com,Brazil,434.99,2024-07-26
366,George 366,george.366366@example.com,France,124.02,2024-01-11
367,Fatima 367,fatima.367367@example.com,Canada,803.3,2024-11-12
368,Hannah 368,hannah.368368@example.com,Germany,97.25,2024-02-24
369,Diana 369,diana.369369@example.com,Spain,592.98,2024-09-25
370,Bob 370,bob.370370@example.com,Spain,871.81,2024-06-22
371,Diana 371,diana.371371@example.com,Germany,781.32,2024-02-09
372,Ivan 372,ivan.372372@example.com,Mexico,535.29,2024-04-09
373,Fatima 373,fatima.373373@example.com,Germany,730.1,2024-11-26
374,Carlos 374,carlos.374374@example.com,UK,111.78,2024-05-11
375,Diana 375,diana.375375@example.com,Canada,606.37,2024-12-01
376,Bob 376,bob.376376@example.com,Canada,951.77,2024-11-17
377,Hannah 377,hannah.377377@example.com,Italy,756.89,2024-10-23
378,Hannah 378,hannah.378378@example.com,Brazil,646.56,2024-11-15
379,Fatima 379,fatima.379379@example.com,Germany,159.45,2024-02-04
380,Hannah 380,hannah.380380@example.com,Italy,635.06,2024-05-20
381,Julia 381,julia.381381@example.com,USA,358.42,2024-02-07
382,Eduardo 382,eduardo.382382@example.com,Italy,457.39,2024-01-30
383,Fatima 383,fatima.383383@example.com,France,85.96,2024-02-16
384,Julia 384,julia.384384@example.com,Brazil,511.99,2024-08-24
385,Julia 385,julia.385385@example.com,Japan,954.68,2024-01-22
386,Hannah 386,hannah.386386@example.com,Brazil,655.31,2024-06-13
387,Julia 387,julia.387387@example.com,Italy,506.35,2024-02-01
388,Hannah 388,hannah.388388@example.com,Mexico,812.85,2024-06-24
389,Bob 389,bob.389389@example.com,Japan,649.66,2024-01-21
390,Diana 390,diana.390390@example.com,Italy,991.07,2024-09-25
391,Ivan 391,ivan.391391@example.com,Brazil,167.16,2024-07-09
392,Eduardo 392,eduardo.392392@example.com,Spain,414.68,2024-06-22
393,Julia 393,julia.393393@example.com,USA,791.33,2024-11-27
394,Fatima 394,fatima.394394@example.com,Mexico,336.39,2024-10-12
395,George 395,george.395395@example.com,France,259.47,2024-12-02
396,Julia 396,julia.396396@example.com,Canada,340.03,2024-10-25
397,Carlos 397,carlos.397397@example.com,Germany,317.13,2024-12-01
398,George 398,george.398398@example.com,Canada,599.08,2024-02-13
399,Eduardo 399,eduardo.399399@example.com,Japan,382.91,2024-06-17
400,Carlos 400,carlos.400400@example.com,Japan,102.52,2024-12-09
401,George 401,george.401401@example.com,Japan,368.21,2024-07-04
402,Eduardo 402,eduardo.402402@example.com,Canada,951.65,2024-06-23
403,Hannah 403,hannah.403403@example.com,UK,234.28,2024-03-11
404,Carlos 404,carlos.404404@example.com,Mexico,302.83,2024-02-21
405,Ivan 405,ivan.405405@example.com,Japan,836.76,2024-09-26
406,Alice 406,alice.406406@example.com,Germany,877.62,2024-11-12
407,Carlos 407,carlos.407407@example.com,Brazil,382.95,2024-03-24
408,Carlos 408,carlos.408408@example.com,Brazil,810.95,2024-03-25
409,Hannah 409,hannah.409409@example.com,USA,416.75,2024-12-12
410,Diana 410,diana.410410@example.com,Italy,614.48,2024-08-17
411,Diana 411,diana.411411@example.com,Japan,246.77,2024-08-28
412,Diana 412,diana.412412@example.com,Germany,681.52,2024-10-19
413,Hannah 413,hannah.413413@example.com,Italy,771.74,2024-07-14
414,Ivan 414,ivan.414414@example.com,Japan,424.47,2024-03-23
415,Diana 415,diana.415415@example.com,Brazil,147.01,2024-05-08
416,Alice 416,alice.416416@example.com,Italy,875.37,2024-10-10
417,Bob 417,bob.417417@example.com,Japan,852.65,2024-05-25
418,Bob 418,bob.418418@example.com,Canada,280.06,2024-09-19
419,Carlos 419,carlos.419419@example.com,Spain,100.8,2024-04-23
420,Hannah 420,hannah.420420@example.com,Germany,931.16,2024-07-31
421,Alice 421,alice.421421@example.com,Spain,506.98,2024-04-30
422,George 422,george.422422@example.com,Mexico,381.16,2024-01-15
423,Fatima 423,fatima.423423@example.com,Mexico,840.78,2024-11-28
424,Fatima 424,fatima.424424@example.com,Canada,146.22,2024-05-26
425,Hannah 425,hannah.425425@example.com,Canada,761.25,2024-08-28
426,Hannah 426,hannah.426426@example.com,Brazil,15.2,2024-02-10
427,Alice 427,alice.427427@example.com,France,223.5,2024-03-17
428,Ivan 428,ivan.428428@example.com,Brazil,532.49,2024-02-26
429,Eduardo 429,eduardo.429429@example.com,UK,308.14,2024-01-25
430,Diana 430,diana.430430@example.com,Spain,642.56,2024-11-14
431,Hannah 431,hannah.431431@example.com,Mexico,119.75,2024-09-12
432,Julia 432,julia.432432@example.com,Japan,26.27,2024-09-20
433,Julia 433,julia.433433@example.com,UK,721.35,2024-05-29
434,George 434,george.434434@example.com,USA,618.66,2024-05-03
435,Julia 435,julia.435435@example.com,Spain,195.44,2024-12-08
436,Bob 436,bob.436436@example.com,Japan,974.9,2024-02-04
437,Ivan 437,ivan.437437@example.com,Japan,512.25,2024-09-16
438,Ivan 438,ivan.438438@example.com,USA,396.55,2024-08-28
439,Alice 439,alice.439439@example.com,Spain,981.22,2024-05-09
440,Alice 440,alice.440440@example.com,Germany,790.63,2024-06-25
441,Diana 441,diana.441441@example.com,Mexico,773.78,2024-06-19
442,Carlos 442,carlos.442442@example.com,USA,358.77,2024-06-22
443,Carlos 443,carlos.443443@example.com,Italy,981.0,2024-09-02
444,Carlos 444,carlos.444444@example.com,Canada,72.47,2024-08-22
445,Alice 445,alice.445445@example.com,France,209.57,2024-04-12
446,Alice 446,alice.446446@example.com,Germany,934.03,2024-09-20
447,George 447,george.447447@example.com,Japan,478.66,2024-01-19
448,Diana 448,diana.448448@example.com,France,363.4,2024-01-25
449,Fatima 449,fatima.449449@example.com,France,133.23,2024-07-07
450,George 450,george.450450@example.com,Spain,745.87,2024-07-16
451,Fatima 451,fatima.451451@example.com,Canada,501.24,2024-09-11
452,Fatima 452,fatima.452452@example.com,Japan,274.05,2024-02-12
453,George 453,george.453453@example.com,Mexico,436.3,2024-04-02
454,Ivan 454,ivan.454454@example.com,France,328.0,2024-02-10
455,Fatima 455,fatima.455455@example.com,France,313.43,2024-11-04
456,George 456,george.456456@example.com,Canada,692.86,2024-06-28
457,Hannah 457,hannah.457457@example.com,USA,729.54,2024-06-29
458,Julia 458,julia.458458@example.com,Spain,281.81,2024-01-30
459,Bob 459,bob.459459@example.com,Spain,369.67,2024-12-13
460,Carlos 460,carlos.460460@example.com,USA,151.35,2024-11-07
461,Hannah 461,hannah.461461@example.com,USA,134.97,2024-04-30
462,Fatima 462,fatima.462462@example.com,Germany,389.02,2024-10-17
463,Alice 463,alice.463463@example.com,Brazil,161.9,2024-08-18
464,Fatima 464,fatima.464464@example.com,Germany,449.5,2024-02-09
465,Julia 465,julia.465465@example.com,Canada,534.16,2024-07-22
466,Fatima 466,fatima.466466@example.com,France,257.11,2024-02-28
467,Alice 467,alice.467467@example.com,Canada,504.05,2024-07-17
468,Ivan 468,ivan.468468@example.com,Mexico,269.16,2024-05-13
469,Hannah 469,hannah.469469@example.com,UK,996.39,2024-05-26
470,Hannah 470,hannah.470470@example.com,UK,131.41,2024-02-07
471,Hannah 471,hannah.471471@example.com,Canada,899.68,2024-08-15
472,Bob 472,bob.472472@example.com,Germany,671.15,2024-12-29
473,Bob 473,bob.473473@example.com,Japan,546.74,2024-06-02
474,Carlos 474,carlos.474474@example.com,Canada,795.75,2024-09-17
475,Diana 475,diana.475475@example.com,Mexico,985.27,2024-03-12
476,Diana 476,diana.476476@example.com,Italy,36.02,2024-10-10
477,Julia 477,julia.477477@example.com,Germany,472.73,2024-10-09
478,Carlos 478,carlos.478478@example.com,Brazil,885.4,2024-02-03
479,Eduardo 479,eduardo.479479@example.com,Spain,999.59,2024-09-02
480,Ivan 480,ivan.480480@example.com,Spain,771.47,2024-10-21
481,Bob 481,bob.481481@example.com,Canada,972.65,2024-11-24
482,Bob 482,bob.482482@example.com,Italy,471.17,2024-09-21
483,Fatima 483,fatima.483483@example.com,Canada,879.17,2024-10-09
484,Julia 484,julia.484484@example.com,Canada,770.1,2024-03-07
485,George 485,george.485485@example.com,Japan,911.6,2024-01-29
486,Bob 486,bob.486486@example.com,Japan,161.48,2024-03-25
487,Carlos 487,carlos.487487@example.com,Germany,935.38,2024-04-25
488,Fatima 488,fatima.488488@example.com,Japan,895.97,2024-02-10
489,Eduardo 489,eduardo.489489@example.com,UK,638.7,2024-10-09
490,Eduardo 490,eduardo.490490@example.com,Canada,628.77,2024-11-10
491,Ivan 491,ivan.491491@example.com,Mexico,507.54,2024-03-27
492,Julia 492,julia.492492@example.com,Brazil,162.65,2024-12-03
493,Julia 493,julia.493493@example.com,Brazil,344.24,2024-10-15
494,Alice 494,alice.494494@example.com,USA,90.41,2024-11-24
495,Julia 495,julia.495495@example.com,France,654.61,2024-10-19
496,George 496,george.496496@example.com,Brazil,642.59,2024-09-11
497,Ivan 497,ivan.497497@example.com,France,645.48,2024-06-03
498,Hannah 498,hannah.498498@example.com,UK,806.63,2024-12-16
499,George 499,george.499499@example.com,France,459.0,2024-12-18
500,Alice 500,alice.500500@example.com,Canada,445.21,2024-09-04
501,Hannah 501,hannah.501501@example.com,UK,346.79,2024-03-14
502,Fatima 502,fatima.502502@example.com,Germany,736.85,2024-06-25
503,George 503,george.503503@example.com,Canada,763.05,2024-09-20
504,Ivan 504,ivan.504504@example.com,Mexico,325.92,2024-08-26
505,Bob 505,bob.505505@example.com,France,455.1,2024-03-13
506,Bob 506,bob.506506@example.com,USA,297.31,2024-07-15
507,Julia 507,julia.507507@example.com,Spain,255.79,2024-03-22
508,Fatima 508,fatima.508508@example.com,Brazil,723.91,2024-04-07
509,Carlos 509,carlos.509509@example.com,Italy,996.0,2024-08-27
510,Hannah 510,hannah.510510@example.com,France,502.39,2024-02-16
511,George 511,george.511511@example.com,Japan,462.65,2024-05-03
512,Diana 512,diana.512512@example.com,Brazil,359.36,2024-01-26
513,Eduardo 513,eduardo.513513@example.com,Italy,601.54,2024-11-30
514,Hannah 514,hannah.514514@example.com,France,541.32,2024-02-25
515,George 515,george.515515@example.com,Canada,883.62,2024-07-06
516,George 516,george.516516@example.com,Germany,54.79,2024-01-27
517,Julia 517,julia.517517@example.com,Japan,202.71,2024-10-10
518,Eduardo 518,eduardo.518518@example.com,Mexico,392.48,2024-08-18
519,Ivan 519,ivan.519519@example.com,France,827.05,2024-11-15
520,Julia 520,julia.520520@example.com,Mexico,137.38,2024-02-19
521,George 521,george.521521@example.com,Germany,796.94,2024-06-22
522,Ivan 522,ivan.522522@example.com,Germany,757.41,2024-04-11
523,Julia 523,julia.523523@example.com,Japan,407.37,2024-01-21
524,Alice 524,alice.524524@example.com,USA,145.66,2024-06-19
525,Hannah 525,hannah.525525@example.com,Japan,462.41,2024-11-06
526,Ivan 526,ivan.526526@example.com,Canada,334.68,2024-11-09
527,Fatima 527,fatima.527527@example.com,Canada,399.02,2024-11-11
528,Eduardo 528,eduardo.528528@example.com,Brazil,343.01,2024-09-17
529,Ivan 529,ivan.529529@example.com,Italy,711.65,2024-06-02
530,Hannah 530,hannah.530530@example.com,USA,374.67,2024-12-10
531,Bob 531,bob.531531@example.com,Spain,587.86,2024-12-18
532,Alice 532,alice.532532@example.com,Brazil,479.84,2024-12-01
533,Julia 533,julia.533533@example.com,Brazil,235.27,2024-01-27
534,Julia 534,julia.534534@example.com,Italy,178.81,2024-11-18
535,Julia 535,julia.535535@example.com,Spain,156.3,2024-12-14
536,Diana 536,diana.536536@example.com,USA,576.84,2024-12-24
537,Bob 537,bob.537537@example.com,UK,28.75,2024-06-09
538,George 538,george.538538@example.com,Canada,418.83,2024-04-14
539,George 539,george.539539@example.com,Japan,777.21,2024-08-29
540,Alice 540,alice.540540@example.com,Canada,523.49,2024-10-14
541,Fatima 541,fatima.541541@example.com,Italy,530.22,2024-06-09
542,Carlos 542,carlos.542542@example.com,Italy,912.99,2024-06-24
543,Ivan 543,ivan.543543@example.com,Germany,679.1,2024-12-14
544,Eduardo 544,eduardo.544544@example.com,Brazil,489.33,2024-05-06
545,Eduardo 545,eduardo.545545@example.com,Japan,305.51,2024-06-01
546,Eduardo 546,eduardo.546546@example.com,UK,693.33,2024-09-07
547,Fatima 547,fatima.547547@example.com,Italy,355.31,2024-05-20
548,Eduardo 548,eduardo.548548@example.com,Mexico,577.74,2024-10-05
549,George 549,george.549549@example.com,Spain,820.19,2024-03-15
550,Eduardo 550,eduardo.550550@example.com,USA,294.75,2024-02-10
551,Fatima 551,fatima.551551@example.com,Italy,659.41,2024-09-02
552,Diana 552,diana.552552@example.com,UK,829.66,2024-05-18
553,Ivan 553,ivan.553553@example.com,France,145.9,2024-11-11
554,Julia 554,julia.554554@example.com,UK,250.03,2024-12-08
555,Ivan 555,ivan.555555@example.com,UK,641.56,2024-01-27
556,Bob 556,bob.556556@example.com,Spain,336.99,2024-08-29
557,Bob 557,bob.557557@example.com,Canada,15.13,2024-10-08
558,Carlos 558,carlos.558558@example.com,Spain,656.36,2024-08-31
559,Hannah 559,hannah.559559@example.com,UK,758.34,2024-05-27
560,Fatima 560,fatima.560560@example.com,France,649.43,2024-02-15
561,Julia 561,julia.561561@example.com,UK,539.8,2024-01-20
562,Carlos 562,carlos.562562@example.com,Spain,883.41,2024-03-31
563,Alice 563,alice.563563@example.com,Spain,790.07,2024-04-05
564,Eduardo 564,eduardo.564564@example.com,USA,19.17,2024-10-17
565,Julia 565,julia.565565@example.com,Mexico,929.16,2024-06-20
566,Eduardo 566,eduardo.566566@example.com,Italy,989.2,2024-10-05
567,Ivan 567,ivan.567567@example.com,Italy,890.36,2024-03-09
568,Ivan 568,ivan.568568@example.com,Italy,280.11,2024-02-27
569,Fatima 569,fatima.569569@example.com,Canada,733.8,2024-11-27
570,Eduardo 570,eduardo.570570@example.com,Canada,23.94,2024-06-21
571,Eduardo 571,eduardo.571571@example.com,Brazil,677.65,2024-04-08
572,Carlos 572,carlos.572572@example.com,Brazil,857.58,2024-07-26
573,George 573,george.573573@example.com,Japan,334.64,2024-07-24
574,Bob 574,bob.574574@example.com,Canada,981.86,2024-09-01
575,Fatima 575,fatima.575575@example.com,UK,16.76,2024-07-15
576,Diana 576,diana.576576@example.com,Italy,756.21,2024-06-17
577,Eduardo 577,eduardo.577577@example.com,Brazil,725.65,2024-01-06
578,Eduardo 578,eduardo.578578@example.com,Germany,695.83,2024-02-01
579,Bob 579,bob.579579@example.com,Italy,313.74,2024-07-26
580,Ivan 580,ivan.580580@example.com,France,693.38,2024-11-23
581,Eduardo 581,eduardo.581581@example.com,Germany,618.47,2024-04-22
582,Carlos 582,carlos.582582@example.com,Italy,161.65,2024-11-06
583,Fatima 583,fatima.583583@example.com,Spain,704.91,2024-08-29
584,Ivan 584,ivan.584584@example.com,UK,764.23,2024-12-14
585,Julia 585,julia.585585@example.com,Mexico,530.25,2024-09-27
586,Fatima 586,fatima.586586@example.com,Mexico,918.06,2024-02-27
587,Alice 587,alice.587587@example.com,Japan,903.85,2024-04-13
588,Julia 588,julia.588588@example.com,Japan,158.35,2024-06-16
589,Ivan 589,ivan.589589@example.com,Italy,125.08,2024-04-15
590,Julia 590,julia.590590@example.com,Italy,100.03,2024-09-18
591,Hannah 591,hannah.591591@example.com,USA,458.89,2024-09-19
592,George 592,george.592592@example.com,Italy,568.27,2024-10-13
593,Hannah 593,hannah.593593@example.com,France,726.04,2024-07-21
594,Eduardo 594,eduardo.594594@example.com,USA,748.34,2024-10-23
595,Bob 595,bob.595595@example.com,USA,429.46,2024-12-24
596,Bob 596,bob.596596@example.com,Japan,994.17,2024-02-05
597,Hannah 597,hannah.597597@example.com,USA,294.22,2024-04-02
598,Carlos 598,carlos.598598@example.com,Spain,380.71,2024-07-14
599,Hannah 599,hannah.599599@example.com,Spain,381.89,2024-12-15
600,Ivan 600,ivan.600600@example.com,Canada,656.99,2024-06-27
601,Bob 601,bob.601601@example.com,Canada,992.91,2024-07-20
602,Ivan 602,ivan.602602@example.com,Canada,730.57,2024-04-24
603,Alice 603,alice.603603@example.com,USA,978.7,2024-08-25
604,Ivan 604,ivan.604604@example.com,Spain,536.61,2024-04-27
605,Diana 605,diana.605605@example.com,Italy,352.69,2024-05-21
606,Diana 606,diana.606606@example.com,Mexico,41.89,2024-12-04
607,George 607,george.607607@example.com,Brazil,768.39,2024-01-09
608,Diana 608,diana.608608@example.com,UK,76.62,2024-10-31
609,Alice 609,alice.609609@example.com,Italy,601.8,2024-12-26
610,Alice 610,alice.610610@example.com,UK,743.13,2024-07-24
611,Hannah 611,hannah.611611@example.com,UK,544.36,2024-01-29
612,Carlos 612,carlos.612612@example.com,Japan,993.54,2024-04-29
613,Julia 613,julia.613613@example.com,Germany,581.69,2024-12-10
614,Fatima 614,fatima.614614@example.com,UK,308.74,2024-03-14
615,Ivan 615,ivan.615615@example.com,UK,419.42,2024-05-20
616,Alice 616,alice.616616@example.com,Japan,949.03,2024-03-30
617,George 617,george.617617@example.com,Japan,500.66,2024-06-25
618,George 618,george.618618@example.com,Japan,325.54,2024-08-01
619,George 619,george.619619@example.com,Canada,306.89,2024-04-04
620,Ivan 620,ivan.620620@example.com,Italy,248.56,2024-04-25
621,Eduardo 621,eduardo.621621@example.com,Canada,807.71,2024-01-30
622,Ivan 622,ivan.622622@example.com,Spain,968.1,2024-10-12
623,Ivan 623,ivan.623623@example.com,Canada,394.53,2024-05-10
624,Diana 624,diana.624624@example.com,Germany,650.23,2024-08-18
625,Fatima 625,fatima.625625@example.com,Mexico,540.27,2024-04-07
626,Alice 626,alice.626626@example.com,France,383.39,2024-11-05
627,Julia 627,julia.627627@example.com,USA,874.88,2024-04-06
628,Julia 628,julia.628628@example.com,Japan,224.84,2024-04-16
629,Fatima 629,fatima.629629@example.com,France,957.44,2024-01-08
630,Diana 630,diana.630630@example.com,UK,962.45,2024-03-01
631,Hannah 631,hannah.631631@example.com,UK,698.66,2024-12-26
632,Diana 632,diana.632632@example.com,Spain,915.97,2024-10-09
633,Fatima 633,fatima.633633@example.com,France,386.85,2024-09-30
634,Fatima 634,fatima.634634@example.com,France,268.94,2024-09-19
635,Hannah 635,hannah.635635@example.com,Italy,107.62,2024-08-28
636,Fatima 636,fatima.636636@example.com,UK,376.99,2024-07-30
637,Alice 637,alice.637637@example.com,Brazil,865.44,2024-03-15
638,Alice 638,alice.638638@example.com,France,557.77,2024-10-26
639,Julia 639,julia.639639@example.com,Spain,302.24,2024-04-10
640,Fatima 640,fatima.640640@example.com,UK,386.04,2024-05-05
641,Hannah 641,hannah.641641@example.com,Japan,658.06,2024-12-16
642,Fatima 642,fatima.642642@example.com,France,765.72,2024-09-07
643,Hannah 643,hannah.643643@example.com,Italy,176.55,2024-06-29
644,Carlos 644,carlos.644644@example.com,Canada,723.1,2024-09-07
645,Carlos 645,carlos.645645@example.com,Japan,990.41,2024-01-31
646,Ivan 646,ivan.646646@example.com,USA,840.67,2024-02-08
647,Alice 647,alice.647647@example.com,USA,418.26,2024-11-18
648,Diana 648,diana.648648@example.com,Mexico,710.09,2024-01-05
649,Diana 649,diana.649649@example.com,Japan,461.45,2024-01-31
650,Julia 650,julia.650650@example.com,Brazil,913.61,2024-12-03
651,Hannah 651,hannah.651651@example.com,USA,16.55,2024-10-09
652,George 652,george.652652@example.com,USA,26.56,2024-05-20
653,Ivan 653,ivan.653653@example.com,France,26.97,2024-12-23
654,George 654,george.654654@example.com,Canada,115.95,2024-02-19
655,Ivan 655,ivan.655655@example.com,Canada,248.56,2024-11-13
656,Ivan 656,ivan.656656@example.com,France,817.05,2024-05-16
657,George 657,george.657657@example.com,Mexico,379.32,2024-07-26
658,Hannah 658,hannah.658658@example.com,Brazil,250.77,2024-12-22
659,Diana 659,diana.659659@example.com,France,687.19,2024-02-11
660,Alice 660,alice.660660@example.com,Mexico,411.22,2024-07-12
661,Ivan 661,ivan.661661@example.com,Italy,65.55,2024-01-05
662,Carlos 662,carlos.662662@example.com,Mexico,504.85,2024-08-10
663,Fatima 663,fatima.663663@example.com,Brazil,977.55,2024-02-18
664,Ivan 664,ivan.664664@example.com,USA,237.47,2024-12-20
665,Julia 665,julia.665665@example.com,Italy,278.38,2024-02-08
666,Eduardo 666,eduardo.666666@example.com,Japan,567.87,2024-01-17
667,Carlos 667,carlos.667667@example.com,Germany,25.5,2024-04-16
668,Julia 668,julia.668668@example.com,Canada,754.72,2024-12-30
669,George 669,george.669669@example.com,Mexico,306.28,2024-10-15
670,Diana 670,diana.670670@example.com,Brazil,836.3,2024-07-18
671,Ivan 671,ivan.671671@example.com,Germany,390.0,2024-03-12
672,Bob 672,bob.672672@example.com,Japan,747.99,2024-06-26
673,Alice 673,alice.673673@example.com,Mexico,442.71,2024-02-08
674,Fatima 674,fatima.674674@example.com,Brazil,771.31,2024-10-31
675,George 675,george.675675@example.com,Germany,39.33,2024-05-19
676,Hannah 676,hannah.676676@example.com,Italy,235.85,2024-10-10
677,George 677,george.677677@example.com,Spain,193.88,2024-10-26
678,George 678,george.678678@example.com,Mexico,774.44,2024-05-31
679,Diana 679,diana.679679@example.com,Mexico,91.22,2024-03-19
680,George 680,george.680680@example.com,Canada,742.25,2024-06-11
681,Fatima 681,fatima.681681@example.com,Mexico,100.6,2024-06-06
682,Hannah 682,hannah.682682@example.com,Germany,763.73,2024-02-22
683,Carlos 683,carlos.683683@example.com,Mexico,195.52,2024-08-17
684,Ivan 684,ivan.684684@example.com,Japan,517.31,2024-02-22
685,Alice 685,alice.685685@example.com,Mexico,360.37,2024-02-17
686,Julia 686,julia.686686@example.com,Brazil,786.59,2024-07-16
687,Alice 687,alice.687687@example.com,France,419.67,2024-02-13
688,Ivan 688,ivan.688688@example.com,UK,576.24,2024-03-27
689,George 689,george.689689@example.com,Canada,147.45,2024-06-03
690,Eduardo 690,eduardo.690690@example.com,Italy,154.47,2024-03-26
691,George 691,george.691691@example.com,France,426.89,2024-09-04
692,Bob 692,bob.692692@example.com,Germany,259.18,2024-05-06
693,Hannah 693,hannah.693693@example.com,Brazil,620.5,2024-08-22
694,Bob 694,bob.694694@example.com,Canada,311.61,2024-07-21
695,Fatima 695,fatima.695695@example.com,Brazil,386.09,2024-06-17
696,Hannah 696,hannah.696696@example.com,Germany,436.31,2024-11-29
697,Julia 697,julia.697697@example.com,Canada,307.43,2024-11-04
698,Diana 698,diana.698698@example.com,Italy,321.04,2024-07-22
699,Fatima 699,fatima.699699@example.com,France,737.52,2024-11-20
700,Hannah 700,hannah.700700@example.com,Brazil,784.15,2024-06-15
701,George 701,george.701701@example.com,France,818.32,2024-07-20
702,Fatima 702,fatima.702702@example.com,Mexico,932.74,2024-04-12
703,Julia 703,julia.703703@example.com,Japan,188.13,2024-10-08
704,Alice 704,alice.704704@example.com,Italy,943.54,2024-04-17
705,Hannah 705,hannah.705705@example.com,France,832.96,2024-02-05
706,George 706,george.706706@example.com,Italy,147.79,2024-06-04
707,Diana 707,diana.707707@example.com,France,662.07,2024-08-04
708,George 708,george.708708@example.com,Mexico,454.57,2024-11-02
709,Hannah 709,hannah.709709@example.com,Brazil,406.79,2024-09-16
710,George 710,george.710710@example.com,Japan,46.4,2024-07-03
711,Ivan 711,ivan.711711@example.com,Brazil,641.79,2024-02-13
712,Bob 712,bob.712712@example.com,UK,661.02,2024-06-30
713,Carlos 713,carlos.713713@example.com,Brazil,53.85,2024-11-26
714,George 714,george.714714@example.com,Germany,966.05,2024-08-08
715,Bob 715,bob.715715@example.com,USA,107.62,2024-04-23
716,Ivan 716,ivan.716716@example.com,Japan,562.41,2024-12-18
717,Julia 717,julia.717717@example.com,UK,451.32,2024-07-19
718,Hannah 718,hannah.718718@example.com,Brazil,693.53,2024-03-18
719,Fatima 719,fatima.719719@example.com,USA,487.94,2024-05-31
720,George 720,george.720720@example.com,Mexico,124.91,2024-03-13
721,Fatima 721,fatima.721721@example.com,France,349.63,2024-04-15
722,Ivan 722,ivan.722722@example.com,Italy,354.81,2024-02-19
723,Hannah 723,hannah.723723@example.com,Italy,325.72,2024-06-02
724,Alice 724,alice.724724@example.com,Mexico,32.36,2024-06-24
725,Bob 725,bob.725725@example.com,Canada,930.61,2024-05-04
726,Ivan 726,ivan.726726@example.com,Canada,556.39,2024-06-18
727,Ivan 727,ivan.727727@example.com,Spain,958.87,2024-04-28
728,George 728,george.728728@example.com,Canada,194.52,2024-12-02
729,George 729,george.729729@example.com,Spain,38.9,2024-11-10
730,Diana 730,diana.730730@example.com,Italy,596.28,2024-07-18
731,Alice 731,alice.731731@example.com,UK,213.72,2024-12-26
732,Bob 732,bob.732732@example.com,Brazil,110.73,2024-10-01
733,Carlos 733,carlos.733733@example.com,Germany,332.72,2024-08-22
734,Bob 734,bob.734734@example.com,France,673.99,2024-09-07
735,Ivan 735,ivan.735735@example.com,Germany,601.0,2024-11-08
736,George 736,george.736736@example.com,Brazil,123.09,2024-06-29
737,Hannah 737,hannah.737737@example.com,Brazil,180.8,2024-12-10
738,Eduardo 738,eduardo.738738@example.com,Brazil,594.26,2024-12-10
739,Carlos 739,carlos.739739@example.com,Germany,126.68,2024-06-05
740,Bob 740,bob.740740@example.com,Canada,379.57,2024-03-13
741,Ivan 741,ivan.741741@example.com,Spain,424.05,2024-03-11
742,Julia 742,julia.742742@example.com,Spain,428.8,2024-09-06
743,Ivan 743,ivan.743743@example.com,Canada,559.36,2024-09-07
744,Eduardo 744,eduardo.744744@example.com,Canada,195.23,2024-08-18
745,Julia 745,julia.745745@example.com,USA,866.86,2024-01-05
746,Hannah 746,hannah.746746@example.com,Canada,203.18,2024-07-15
747,Ivan 747,ivan.747747@example.com,Japan,656.53,2024-07-28
748,Hannah 748,hannah.748748@example.com,Spain,713.03,2024-08-15
749,Hannah 749,hannah.749749@example.com,Canada,91.84,2024-01-16
750,Diana 750,diana.750750@example.com,France,42.37,2024-04-25
751,Ivan 751,ivan.751751@example.com,France,176.53,2024-08-22
752,Julia 752,julia.752752@example.com,Italy,554.22,2024-02-27
753,Julia 753,julia.753753@example.com,Mexico,275.21,2024-10-05
754,Fatima 754,fatima.754754@example.com,Japan,824.38,2024-01-22
755,Hannah 755,hannah.755755@example.com,Japan,226.35,2024-08-05
756,Bob 756,bob.756756@example.com,UK,304.73,2024-01-17
757,Hannah 757,hannah.757757@example.com,France,355.09,2024-02-14
758,Hannah 758,hannah.758758@example.com,Mexico,777.87,2024-05-01
759,Diana 759,diana.759759@example.com,Brazil,692.24,2024-12-29
760,Julia 760,julia.760760@example.com,Spain,174.32,2024-03-12
761,Diana 761,diana.761761@example.com,UK,807.38,2024-10-18
762,Fatima 762,fatima.762762@example.com,Japan,288.27,2024-10-02
763,Carlos 763,carlos.763763@example.com,Germany,979.2,2024-05-29
764,Eduardo 764,eduardo.764764@example.com,Brazil,274.67,2024-09-20
765,Bob 765,bob.765765@example.com,Canada,963.13,2024-07-29
766,Alice 766,alice.766766@example.com,France,868.37,2024-03-05
767,Carlos 767,carlos.767767@example.com,UK,154.78,2024-06-13
768,Diana 768,diana.768768@example.com,Spain,494.56,2024-10-22
769,Eduardo 769,eduardo.769769@example.com,Spain,381.42,2024-02-08
770,Bob 770,bob.770770@example.com,Spain,520.45,2024-05-22
771,Fatima 771,fatima.771771@example.com,Italy,950.74,2024-06-16
772,Julia 772,julia.772772@example.com,USA,870.21,2024-02-17
773,Hannah 773,hannah.773773@example.com,Germany,851.6,2024-09-30
774,George 774,george.774774@example.com,UK,968.44,2024-04-18
775,Hannah 775,hannah.775775@example.com,France,329.63,2024-05-25
776,Fatima 776,fatima.776776@example.com,Japan,582.15,2024-10-16
777,Hannah 777,hannah.777777@example.com,Germany,895.2,2024-01-25
778,Alice 778,alice.778778@example.com,Mexico,629.91,2024-08-23
779,Alice 779,alice.779779@example.com,Mexico,930.13,2024-03-21
780,Hannah 780,hannah.780780@example.com,Italy,10.67,2024-08-07
781,Diana 781,diana.781781@example.com,Canada,883.32,2024-06-03
782,Carlos 782,carlos.782782@example.com,France,102.41,2024-07-03
783,Eduardo 783,eduardo.783783@example.com,Mexico,378.12,2024-11-28
784,Carlos 784,carlos.784784@example.com,USA,402.37,2024-06-05
785,Diana 785,diana.785785@example.com,Spain,658.92,2024-12-26
786,Bob 786,bob.786786@example.com,USA,221.28,2024-02-09
787,Carlos 787,carlos.787787@example.com,Brazil,233.93,2024-12-14
788,Hannah 788,hannah.788788@example.com,USA,17.98,2024-06-24
789,Bob 789,bob.789789@example.com,Spain,697.08,2024-09-01
790,Bob 790,bob.790790@example.com,UK,389.24,2024-02-22
791,Bob 791,bob.791791@example.com,Germany,373.88,2024-06-02
792,Carlos 792,carlos.792792@example.com,Spain,775.72,2024-03-09
793,Carlos 793,carlos.793793@example.com,Mexico,535.2,2024-01-05
794,Julia 794,julia.794794@example.com,Canada,445.69,2024-04-19
795,Carlos 795,carlos.795795@example.com,Spain,619.91,2024-08-14
796,Diana 796,diana.796796@example.com,Mexico,897.62,2024-03-12
797,Bob 797,bob.797797@example.com,Brazil,732.7,2024-06-28
798,George 798,george.798798@example.com,Germany,793.16,2024-05-06
799,Eduardo 799,eduardo.799799@example.com,Mexico,255.68,2024-11-03
800,Julia 800,julia.800800@example.com,Brazil,292.07,2024-12-19
801,Alice 801,alice.801801@example.com,France,213.39,2024-11-06
802,Ivan 802,ivan.802802@example.com,UK,750.36,2024-05-31
803,Alice 803,alice.803803@example.com,UK,499.93,2024-02-27
804,Diana 804,diana.804804@example.com,Italy,641.7,2024-02-06
805,Ivan 805,ivan.805805@example.com,USA,987.0,2024-06-11
806,Carlos 806,carlos.806806@example.com,Spain,862.2,2024-10-18
807,George 807,george.807807@example.com,Germany,550.89,2024-03-29
808,Hannah 808,hannah.808808@example.com,Mexico,26.52,2024-02-04
809,Alice 809,alice.809809@example.com,France,223.58,2024-01-31
810,George 810,george.810810@example.com,Japan,293.62,2024-12-30
811,Ivan 811,ivan.811811@example.com,Spain,429.34,2024-07-24
812,Bob 812,bob.812812@example.com,Japan,542.27,2024-03-19
813,Eduardo 813,eduardo.813813@example.com,Mexico,316.8,2024-09-18
814,Diana 814,diana.814814@example.com,Canada,541.02,2024-07-19
815,Julia 815,julia.815815@example.com,Mexico,317.06,2024-08-11
816,Diana 816,diana.816816@example.com,USA,252.03,2024-08-10
817,Bob 817,bob.817817@example.com,Italy,616.17,2024-01-29
818,Eduardo 818,eduardo.818818@example.com,Canada,128.25,2024-12-28
819,Carlos 819,carlos.819819@example.com,USA,172.19,2024-06-26
820,Ivan 820,ivan.820820@example.com,Japan,785.15,2024-05-12
821,Carlos 821,carlos.821821@example.com,Germany,135.66,2024-05-17
822,Bob 822,bob.822822@example.com,USA,341.66,2024-08-07
823,Eduardo 823,eduardo.823823@example.com,Japan,73.23,2024-12-30
824,Julia 824,julia.824824@example.com,Mexico,501.18,2024-09-18
825,Fatima 825,fatima.825825@example.com,USA,504.61,2024-10-17
826,Carlos 826,carlos.826826@example.com,Germany,165.74,2024-02-22
827,Julia 827,julia.827827@example.com,Mexico,236.12,2024-09-17
828,Alice 828,alice.828828@example.com,USA,860.09,2024-01-07
829,Diana 829,diana.829829@example.com,USA,477.04,2024-07-15
830,Carlos 830,carlos.830830@example.com,Canada,931.84,2024-01-19
831,Ivan 831,ivan.831831@example.com,Spain,232.27,2024-05-07
832,George 832,george.832832@example.com,Germany,278.54,2024-02-09
833,Julia 833,julia.833833@example.com,Germany,128.21,2024-12-10
834,Alice 834,alice.834834@example.com,Canada,230.95,2024-09-21
835,Alice 835,alice.835835@example.com,Spain,78.24,2024-08-26
836,Eduardo 836,eduardo.836836@example.com,France,334.02,2024-10-10
837,Hannah 837,hannah.837837@example.com,USA,375.23,2024-05-29
838,Julia 838,julia.838838@example.com,France,742.17,2024-05-04
839,Hannah 839,hannah.839839@example.com,Germany,595.77,2024-09-09
840,Diana 840,diana.840840@example.com,Japan,762.87,2024-05-05
841,Carlos 841,carlos.841841@example.com,USA,933.06,2024-01-13
842,Diana 842,diana.842842@example.com,Japan,352.96,2024-12-21
843,Alice 843,alice.843843@example.com,Germany,11.45,2024-12-02
844,George 844,george.844844@example.com,France,112.91,2024-09-28
845,Diana 845,diana.845845@example.com,Spain,497.1,2024-01-31
846,Carlos 846,carlos.846846@example.com,France,102.1,2024-04-28
847,Ivan 847,ivan.847847@example.com,Spain,703.83,2024-07-09
848,Hannah 848,hannah.848848@example.com,Mexico,584.96,2024-09-15
849,Carlos 849,carlos.849849@example.com,Spain,84.08,2024-10-17
850,Alice 850,alice.850850@example.com,Spain,665.81,2024-03-07
851,Diana 851,diana.851851@example.com,France,268.38,2024-06-10
852,George 852,george.852852@example.com,Germany,324.87,2024-05-19
853,Diana 853,diana.853853@example.com,Mexico,944.11,2024-03-10
854,Julia 854,julia.854854@example.com,Mexico,163.85,2024-03-25
855,Hannah 855,hannah.855855@example.com,Italy,320.89,2024-03-02
856,Ivan 856,ivan.856856@example.com,Germany,964.98,2024-04-16
857,Hannah 857,hannah.857857@example.com,France,468.71,2024-03-02
858,Bob 858,bob.858858@example.com,Canada,809.51,2024-06-04
859,Julia 859,julia.859859@example.com,USA,222.87,2024-06-16
860,Carlos 860,carlos.860860@example.com,Mexico,714.04,2024-07-01
861,George 861,george.861861@example.com,Japan,58.46,2024-06-02
862,Eduardo 862,eduardo.862862@example.com,Canada,40.77,2024-07-26
863,Hannah 863,hannah.863863@example.com,Japan,750.59,2024-05-07
864,Bob 864,bob.864864@example.com,Italy,110.89,2024-03-12
865,Bob 865,bob.865865@example.com,USA,71.05,2024-04-23
866,Carlos 866,carlos.866866@example.com,UK,825.43,2024-07-09
867,Bob 867,bob.867867@example.com,Brazil,590.25,2024-02-08
868,Alice 868,alice.868868@example.com,Mexico,205.77,2024-11-26
869,Hannah 869,hannah.869869@example.com,Canada,101.06,2024-06-18
870,Bob 870,bob.870870@example.com,USA,942.85,2024-01-26
871,Carlos 871,carlos.871871@example.com,Brazil,438.82,2024-07-21
872,Hannah 872,hannah.872872@example.com,USA,388.9,2024-08-06
873,Carlos 873,carlos.873873@example.com,Germany,222.57,2024-04-05
874,Eduardo 874,eduardo.874874@example.com,France,451.55,2024-03-17
875,Alice 875,alice.875875@example.com,Brazil,622.98,2024-05-05
876,Eduardo 876,eduardo.876876@example.com,Italy,417.87,2024-10-08
877,Hannah 877,hannah.877877@example.com,USA,96.84,2024-07-15
878,Carlos 878,carlos.878878@example.com,Spain,207.46,2024-09-26
879,Diana 879,diana.879879@example.com,Japan,796.89,2024-07-14
880,Fatima 880,fatima.880880@example.com,Italy,549.07,2024-09-05
881,Fatima 881,fatima.881881@example.com,Brazil,507.36,2024-07-17
882,Eduardo 882,eduardo.882882@example.com,Canada,35.8,2024-11-01
883,Diana 883,diana.883883@example.com,USA,896.8,2024-05-23
884,Alice 884,alice.884884@example.com,Italy,534.13,2024-10-26
885,Diana 885,diana.885885@example.com,Canada,109.13,2024-12-02
886,Diana 886,diana.886886@example.com,France,538.35,2024-01-29
887,Diana 887,diana.887887@example.com,Brazil,848.03,2024-07-17
888,Fatima 888,fatima.888888@example.com,Canada,184.34,2024-10-30
889,Fatima 889,fatima.889889@example.com,Germany,914.83,2024-01-15
890,Fatima 890,fatima.890890@example.com,Brazil,567.96,2024-10-15
891,Diana 891,diana.891891@example.com,Italy,546.7,2024-03-30
892,Hannah 892,hannah.892892@example.com,USA,99.35,2024-04-29
893,Julia 893,julia.893893@example.com,UK,29.73,2024-09-01
894,Alice 894,alice.894894@example.com,Germany,918.71,2024-04-13
895,Carlos 895,carlos.895895@example.com,Germany,719.76,2024-06-14
896,Alice 896,alice.896896@example.com,USA,156.23,2024-12-26
897,Carlos 897,carlos.897897@example.com,Mexico,848.01,2024-07-05
898,Bob 898,bob.898898@example.com,Germany,707.49,2024-12-05
899,George 899,george.899899@example.com,Brazil,110.02,2024-06-03
900,Fatima 900,fatima.900900@example.com,Canada,976.09,2024-08-11
901,Hannah 901,hannah.901901@example.com,Germany,182.46,2024-10-14
902,Julia 902,julia.902902@example.com,Germany,231.0,2024-10-28
903,Carlos 903,carlos.903903@example.com,Spain,313.75,2024-12-18
904,Eduardo 904,eduardo.904904@example.com,Canada,185.93,2024-01-01
905,Julia 905,julia.905905@example.com,Spain,852.24,2024-10-17
906,Alice 906,alice.906906@example.com,Canada,606.36,2024-11-09
907,Diana 907,diana.907907@example.com,Brazil,113.07,2024-09-11
908,Carlos 908,carlos.908908@example.com,Germany,747.88,2024-05-01
909,Fatima 909,fatima.909909@example.com,Germany,176.21,2024-02-15
910,Fatima 910,fatima.910910@example.com,Italy,21.28,2024-04-17
911,Diana 911,diana.911911@example.com,Mexico,356.97,2024-02-25
912,Alice 912,alice.912912@example.com,USA,392.07,2024-08-02
913,Carlos 913,carlos.913913@example.com,Spain,498.15,2024-07-12
914,Fatima 914,fatima.914914@example.com,Japan,381.59,2024-09-02
915,Julia 915,julia.915915@example.com,UK,171.03,2024-02-07
916,Alice 916,alice.916916@example.com,France,29.88,2024-05-13
917,Bob 917,bob.917917@example.com,Mexico,348.39,2024-07-11
918,Carlos 918,carlos.918918@example.com,Mexico,551.57,2024-02-17
919,Fatima 919,fatima.919919@example.com,Brazil,985.41,2024-09-04
920,Alice 920,alice.920920@example.com,Spain,943.01,2024-03-25
921,Julia 921,julia.921921@example.com,Spain,165.53,2024-02-21
922,Fatima 922,fatima.922922@example.com,UK,974.64,2024-07-28
923,Ivan 923,ivan.923923@example.com,Japan,272.61,2024-05-24
924,Eduardo 924,eduardo.924924@example.com,UK,104.96,2024-07-20
925,Julia 925,julia.925925@example.com,Japan,841.45,2024-03-19
926,Alice 926,alice.926926@example.com,Germany,13.78,2024-02-14
927,Eduardo 927,eduardo.927927@example.com,Brazil,485.52,2024-02-19
928,Alice 928,alice.928928@example.com,UK,179.12,2024-05-29
929,Bob 929,bob.929929@example.com,Italy,845.32,2024-06-06
930,George 930,george.930930@example.com,Italy,494.2,2024-12-04
931,Eduardo 931,eduardo.931931@example.com,Mexico,645.44,2024-07-17
932,Carlos 932,carlos.932932@example.com,Germany,886.63,2024-07-08
933,Carlos 933,carlos.933933@example.com,Italy,54.17,2024-08-13
934,Hannah 934,hannah.934934@example.com,France,233.98,2024-05-17
935,Julia 935,julia.935935@example.com,USA,159.62,2024-12-22
936,Bob 936,bob.936936@example.com,Mexico,671.45,2024-10-04
937,George 937,george.937937@example.com,Brazil,235.24,2024-02-01
938,George 938,george.938938@example.com,Japan,424.44,2024-10-01
939,Hannah 939,hannah.939939@example.com,Brazil,882.83,2024-08-31
940,Eduardo 940,eduardo.940940@example.com,Mexico,400.85,2024-01-18
941,Ivan 941,ivan.941941@example.com,Brazil,901.44,2024-10-19
942,Julia 942,julia.942942@example.com,Canada,129.08,2024-08-17
943,Carlos 943,carlos.943943@example.com,Canada,972.43,2024-04-08
944,Carlos 944,carlos.944944@example.com,USA,429.14,2024-12-15
945,George 945,george.945945@example.com,UK,997.29,2024-11-17
946,Carlos 946,carlos.946946@example.com,Brazil,265.3,2024-02-04
947,Bob 947,bob.947947@example.com,Spain,560.79,2024-10-09
948,Fatima 948,fatima.948948@example.com,France,524.49,2024-01-07
949,Julia 949,julia.949949@example.com,Brazil,527.33,2024-08-02
950,Bob 950,bob.950950@example.com,Spain,158.14,2024-10-17
951,Julia 951,julia.951951@example.com,Brazil,760.79,2024-02-21
952,Bob 952,bob.952952@example.com,Brazil,781.74,2024-05-26
953,Ivan 953,ivan.953953@example.com,Germany,879.11,2024-05-15
954,George 954,george.954954@example.com,Italy,576.3,2024-08-30
955,Alice 955,alice.955955@example.com,Canada,282.66,2024-03-14
956,Julia 956,julia.956956@example.com,Brazil,684.0,2024-07-24
957,Alice 957,alice.957957@example.com,Spain,890.67,2024-06-18
958,Diana 958,diana.958958@example.com,USA,748.28,2024-05-17
959,Fatima 959,fatima.959959@example.com,USA,344.48,2024-06-04
960,Eduardo 960,eduardo.960960@example.com,France,844.41,2024-12-22
961,Bob 961,bob.961961@example.com,UK,143.04,2024-08-14
962,Fatima 962,fatima.962962@example.com,France,731.5,2024-11-05
963,Bob 963,bob.963963@example.com,UK,447.3,2024-07-27
964,Hannah 964,hannah.964964@example.com,Japan,868.51,2024-01-29
965,Ivan 965,ivan.965965@example.com,Canada,74.96,2024-12-29
966,Ivan 966,ivan.966966@example.com,Spain,144.29,2024-09-25
967,Julia 967,julia.967967@example.com,USA,182.0,2024-04-12
968,Alice 968,alice.968968@example.com,UK,42.74,2024-01-26
969,Fatima 969,fatima.969969@example.com,UK,281.23,2024-08-25
970,Ivan 970,ivan.970970@example.com,Spain,639.05,2024-03-04
971,Alice 971,alice.971971@example.com,UK,378.74,2024-10-31
972,Hannah 972,hannah.972972@example.com,Canada,960.91,2024-08-30
973,Julia 973,julia.973973@example.com,Japan,356.26,2024-03-24
974,Eduardo 974,eduardo.974974@example.com,Mexico,292.22,2024-07-16
975,Alice 975,alice.975975@example.com,Canada,855.27,2024-04-19
976,Diana 976,diana.976976@example.com,UK,680.91,2024-05-17
977,George 977,george.977977@example.com,Japan,29.85,2024-12-15
978,Alice 978,alice.978978@example.com,Italy,912.39,2024-11-27
979,Carlos 979,carlos.979979@example.com,Brazil,802.85,2024-04-24
980,Eduardo 980,eduardo.980980@example.com,Brazil,807.03,2024-06-05
981,Eduardo 981,eduardo.981981@example.com,Spain,896.52,2024-06-27
982,Hannah 982,hannah.982982@example.com,France,226.02,2024-06-03
983,Ivan 983,ivan.983983@example.com,Brazil,403.18,2024-02-22
984,Alice 984,alice.984984@example.com,Japan,999.43,2024-07-10
985,Ivan 985,ivan.985985@example.com,Brazil,612.95,2024-06-01
986,Bob 986,bob.986986@example.com,Italy,73.2,2024-05-21
987,Fatima 987,fatima.987987@example.com,France,268.53,2024-12-30
988,Eduardo 988,eduardo.988988@example.com,UK,158.43,2024-05-03
989,Alice 989,alice.989989@example.com,Brazil,410.05,2024-06-12
990,Carlos 990,carlos.990990@example.com,USA,658.84,2024-05-31
991,Eduardo 991,eduardo.991991@example.com,Spain,410.55,2024-01-19
992,Julia 992,julia.992992@example.com,Brazil,817.85,2024-06-24
993,Diana 993,diana.993993@example.com,Japan,641.92,2024-08-31
994,Fatima 994,fatima.994994@example.com,Japan,307.19,2024-03-28
995,Ivan 995,ivan.995995@example.com,Canada,300.84,2024-08-29
996,Carlos 996,carlos.996996@example.com,France,727.93,2024-10-13
997,Carlos 997,carlos.997997@example.com,Germany,657.88,2024-04-23
998,Fatima 998,fatima.998998@example.com,UK,746.76,2024-06-06
999,George 999,george.999999@example.com,Germany,377.96,2024-10-26
1000,Eduardo 1000,eduardo.10001000@example.com,Italy,852.69,2024-08-28
1001,Alice 1001,alice.10011001@example.com,Brazil,584.5,2024-11-13
1002,Bob 1002,bob.10021002@example.com,Italy,890.52,2024-09-13
1003,Bob 1003,bob.10031003@example.com,Spain,534.53,2024-07-30
1004,Alice 1004,alice.10041004@example.com,Canada,145.99,2024-04-12
1005,Fatima 1005,fatima.10051005@example.com,Spain,987.31,2024-08-22
1006,Carlos 1006,carlos.10061006@example.com,Germany,863.76,2024-04-02
1007,Bob 1007,bob.10071007@example.com,Italy,339.3,2024-03-31
1008,Fatima 1008,fatima.10081008@example.com,USA,14.67,2024-05-20
1009,Diana 1009,diana.10091009@example.com,Canada,580.51,2024-03-22
1010,Hannah 1010,hannah.10101010@example.com,Mexico,138.11,2024-08-10
1011,George 1011,george.10111011@example.com,Spain,434.73,2024-09-01
1012,George 1012,george.10121012@example.com,USA,47.35,2024-04-12
1013,Fatima 1013,fatima.10131013@example.com,USA,893.08,2024-09-28
1014,Diana 1014,diana.10141014@example.com,USA,679.97,2024-11-16
1015,Diana 1015,diana.10151015@example.com,UK,696.58,2024-06-25
1016,Eduardo 1016,eduardo.10161016@example.com,Canada,111.68,2024-09-14
1017,Julia 1017,julia.10171017@example.com,France,175.35,2024-01-24
1018,Eduardo 1018,eduardo.10181018@example.com,France,461.36,2024-09-23
1019,Julia 1019,julia.10191019@example.com,Japan,344.45,2024-12-17
1020,Carlos 1020,carlos.10201020@example.com,Germany,996.17,2024-09-07
1021,Fatima 1021,fatima.10211021@example.com,UK,173.23,2024-07-25
1022,Alice 1022,alice.10221022@example.com,UK,232.08,2024-03-08
1023,Diana 1023,diana.10231023@example.com,USA,593.79,2024-03-27
1024,Bob 1024,bob.10241024@example.com,Germany,713.99,2024-01-20
1025,George 1025,george.10251025@example.com,France,773.53,2024-11-15
1026,Alice 1026,alice.10261026@example.com,Brazil,994.72,2024-12-04
1027,Bob 1027,bob.10271027@example.com,USA,57.75,2024-02-29
1028,George 1028,george.10281028@example.com,Italy,386.45,2024-10-07
1029,Eduardo 1029,eduardo.10291029@example.com,Italy,704.84,2024-04-15
1030,Alice 1030,alice.10301030@example.com,France,426.66,2024-02-21
1031,Ivan 1031,ivan.10311031@example.com,France,626.56,2024-12-24
1032,Carlos 1032,carlos.10321032@example.com,Spain,832.34,2024-02-23
1033,Ivan 1033,ivan.10331033@example.com,Brazil,126.56,2024-02-28
1034,Bob 1034,bob.10341034@example.com,Italy,206.66,2024-04-12
1035,Eduardo 1035,eduardo.10351035@example.com,Japan,973.38,2024-07-02
1036,George 1036,george.10361036@example.com,France,168.77,2024-10-07
1037,Hannah 1037,hannah.10371037@example.com,UK,691.31,2024-09-03
1038,Fatima 1038,fatima.10381038@example.com,UK,12.71,2024-12-09
1039,Bob 1039,bob.10391039@example.com,Mexico,836.87,2024-12-08
1040,Hannah 1040,hannah.10401040@example.com,Canada,949.94,2024-09-18
1041,Bob 1041,bob.10411041@example.com,Mexico,905.72,2024-11-25
1042,Diana 1042,diana.10421042@example.com,Italy,988.77,2024-05-31
1043,Eduardo 1043,eduardo.10431043@example.com,Italy,59.58,2024-03-30
1044,Alice 1044,alice.10441044@example.com,France,366.61,2024-12-12
1045,Fatima 1045,fatima.10451045@example.com,Spain,741.15,2024-02-18
1046,Alice 1046,alice.10461046@example.com,USA,853.47,2024-12-05
1047,Carlos 1047,carlos.10471047@example.com,Germany,363.95,2024-08-12
1048,Julia 1048,julia.10481048@example.com,France,879.68,2024-02-17
1049,Fatima 1049,fatima.10491049@example.com,Germany,191.04,2024-07-24
1050,George 1050,george.10501050@example.com,Italy,279.11,2024-07-16
1051,Hannah 1051,hannah.10511051@example.com,Spain,652.35,2024-03-26
1052,Bob 1052,bob.10521052@example.com,Canada,699.2,2024-01-31
1053,Carlos 1053,carlos.10531053@example.com,Mexico,421.86,2024-10-29
1054,Hannah 1054,hannah.10541054@example.com,Brazil,681.6,2024-04-02
1055,Julia 1055,julia.10551055@example.com,Spain,781.36,2024-11-09
1056,Alice 1056,alice.10561056@example.com,Canada,488.24,2024-09-06
1057,Bob 1057,bob.10571057@example.com,Spain,446.28,2024-02-02
1058,Eduardo 1058,eduardo.10581058@example.com,Germany,22.24,2024-12-13
1059,Ivan 1059,ivan.10591059@example.com,Brazil,726.53,2024-04-24
1060,Fatima 1060,fatima.10601060@example.com,Japan,527.87,2024-12-24
1061,Julia 1061,julia.10611061@example.com,Mexico,438.52,2024-05-07
1062,Hannah 1062,hannah.10621062@example.com,Germany,667.07,2024-11-24
1063,George 1063,george.10631063@example.com,Canada,840.63,2024-10-12
1064,Julia 1064,julia.10641064@example.com,USA,21.53,2024-03-21
1065,Ivan 1065,ivan.10651065@example.com,Italy,853.34,2024-03-25
1066,Bob 1066,bob.10661066@example.com,Italy,327.42,2024-06-18
1067,Eduardo 1067,eduardo.10671067@example.com,USA,511.85,2024-10-08
1068,George 1068,george.10681068@example.com,Spain,818.92,2024-02-10
1069,Hannah 1069,hannah.10691069@example.com,Italy,803.24,2024-08-17
1070,Bob 1070,bob.10701070@example.com,Italy,452.59,2024-03-01
1071,Hannah 1071,hannah.10711071@example.com,USA,111.62,2024-07-30
1072,Alice 1072,alice.10721072@example.com,Japan,553.6,2024-02-16
1073,Julia 1073,julia.10731073@example.com,Brazil,641.16,2024-09-17
1074,Ivan 1074,ivan.10741074@example.com,UK,658.04,2024-08-21
1075,Fatima 1075,fatima.10751075@example.com,Germany,827.05,2024-04-24
1076,Hannah 1076,hannah.10761076@example.com,Germany,564.54,2024-11-13
1077,Julia 1077,julia.10771077@example.com,Italy,719.48,2024-07-05
1078,Hannah 1078,hannah.10781078@example.com,Mexico,106.46,2024-12-03
1079,Diana 1079,diana.10791079@example.com,USA,347.94,2024-11-20
1080,Eduardo 1080,eduardo.10801080@example.com,Japan,526.76,2024-12-25
1081,Bob 1081,bob.10811081@example.com,USA,897.9,2024-09-09
1082,Carlos 1082,carlos.10821082@example.com,Spain,115.89,2024-11-08
1083,Diana 1083,diana.10831083@example.com,UK,129.54,2024-07-20
1084,Diana 1084,diana.10841084@example.com,Italy,826.3,2024-04-07
1085,Fatima 1085,fatima.10851085@example.com,Mexico,759.57,2024-01-24
1086,Julia 1086,julia.10861086@example.com,Mexico,774.42,2024-08-18
1087,Hannah 1087,hannah.10871087@example.com,Brazil,956.62,2024-03-09
1088,Hannah 1088,hannah.10881088@example.com,USA,535.06,2024-01-25
1089,Ivan 1089,ivan.10891089@example.com,Spain,840.42,2024-09-04
1090,Ivan 1090,ivan.10901090@example.com,Canada,694.89,2024-03-29
1091,Carlos 1091,carlos.10911091@example.com,Mexico,393.53,2024-11-03
1092,Julia 1092,julia.10921092@example.com,Germany,509.06,2024-07-15
1093,George 1093,george.10931093@example.com,Brazil,916.74,2024-05-07
1094,Eduardo 1094,eduardo.10941094@example.com,Spain,963.95,2024-05-30
1095,Hannah 1095,hannah.10951095@example.com,Canada,146.8,2024-11-04
1096,Ivan 1096,ivan.10961096@example.com,France,844.64,2024-10-07
1097,Fatima 1097,fatima.10971097@example.com,Japan,636.25,2024-04-12
1098,Diana 1098,diana.10981098@example.com,Brazil,717.23,2024-12-17
1099,Fatima 1099,fatima.10991099@example.com,Canada,981.51,2024-11-28
1100,Carlos 1100,carlos.11001100@example.com,Japan,547.06,2024-11-22
1101,Fatima 1101,fatima.11011101@example.com,Mexico,763.16,2024-10-14
1102,Hannah 1102,hannah.11021102@example.com,Brazil,574.93,2024-12-07
1103,George 1103,george.11031103@example.com,Japan,293.07,2024-08-04
1104,Alice 1104,alice.11041104@example.com,Japan,115.4,2024-07-14
1105,Carlos 1105,carlos.11051105@example.com,USA,673.54,2024-04-12
1106,Eduardo 1106,eduardo.11061106@example.com,Canada,983.69,2024-12-15
1107,Eduardo 1107,eduardo.11071107@example.com,Canada,840.98,2024-12-19
1108,Eduardo 1108,eduardo.11081108@example.com,UK,756.05,2024-01-17
1109,Fatima 1109,fatima.11091109@example.com,Italy,111.45,2024-12-11
1110,Ivan 1110,ivan.11101110@example.com,UK,744.98,2024-10-14
1111,George 1111,george.11111111@example.com,UK,515.81,2024-12-22
1112,Eduardo 1112,eduardo.11121112@example.com,USA,927.21,2024-07-17
1113,George 1113,george.11131113@example.com,Germany,966.17,2024-01-28
1114,Alice 1114,alice.11141114@example.com,France,211.05,2024-08-14
1115,Diana 1115,diana.11151115@example.com,Germany,757.55,2024-10-06
1116,Julia 1116,julia.11161116@example.com,UK,778.38,2024-04-09
1117,Eduardo 1117,eduardo.11171117@example.com,Italy,185.65,2024-12-15
1118,Bob 1118,bob.11181118@example.com,Canada,962.84,2024-09-20
1119,Bob 1119,bob.11191119@example.com,Spain,50.23,2024-05-22
1120,Ivan 1120,ivan.11201120@example.com,France,138.76,2024-10-26
1121,Eduardo 1121,eduardo.11211121@example.com,USA,337.25,2024-12-29
1122,Carlos 1122,carlos.11221122@example.com,USA,162.16,2024-06-14
1123,Julia 1123,julia.11231123@example.com,USA,775.92,2024-11-16
1124,Julia 1124,julia.11241124@example.com,France,495.64,2024-10-20
1125,Ivan 1125,ivan.11251125@example.com,Germany,82.15,2024-12-28
1126,Fatima 1126,fatima.11261126@example.com,Japan,227.76,2024-04-04
1127,Ivan 1127,ivan.11271127@example.com,Mexico,788.39,2024-03-22
1128,George 1128,george.11281128@example.com,Japan,541.66,2024-02-17
1129,Fatima 1129,fatima.11291129@example.com,UK,884.55,2024-12-05
1130,Fatima 1130,fatima.11301130@example.com,Germany,367.19,2024-04-21
1131,Julia 1131,julia.11311131@example.com,Japan,480.1,2024-10-14
1132,Alice 1132,alice.11321132@example.com,Mexico,672.24,2024-08-16
1133,Diana 1133,diana.11331133@example.com,Brazil,919.41,2024-05-04
1134,Alice 1134,alice.11341134@example.com,Germany,387.56,2024-02-28
1135,George 1135,george.11351135@example.com,France,544.83,2024-05-24
1136,Alice 1136,alice.11361136@example.com,Japan,823.88,2024-07-10
1137,Ivan 1137,ivan.11371137@example.com,Japan,451.1,2024-01-23
1138,Eduardo 1138,eduardo.11381138@example.com,UK,327.11,2024-02-12
1139,Bob 1139,bob.11391139@example.com,Canada,971.9,2024-10-02
1140,Ivan 1140,ivan.11401140@example.com,USA,630.66,2024-04-17
1141,Diana 1141,diana.11411141@example.com,Spain,837.3,2024-04-15
1142,Ivan 1142,ivan.11421142@example.com,Spain,650.09,2024-02-06
1143,Carlos 1143,carlos.11431143@example.com,USA,464.63,2024-06-18
1144,Alice 1144,alice.11441144@example.com,Mexico,82.51,2024-04-01
1145,Eduardo 1145,eduardo.11451145@example.com,Japan,79.74,2024-04-26
1146,Eduardo 1146,eduardo.11461146@example.com,Spain,394.15,2024-11-18
1147,George 1147,george.11471147@example.com,Spain,323.24,2024-07-18
1148,Bob 1148,bob.11481148@example.com,Japan,15.84,2024-11-12
1149,Bob 1149,bob.11491149@example.com,Brazil,55.06,2024-02-07
1150,Fatima 1150,fatima.11501150@example.com,Japan,115.07,2024-12-17
1151,Eduardo 1151,eduardo.11511151@example.com,Brazil,95.64,2024-08-12
1152,George 1152,george.11521152@example.com,Spain,823.89,2024-01-16
1153,Hannah 1153,hannah.11531153@example.com,Canada,538.13,2024-03-10
1154,George 1154,george.11541154@example.com,Japan,302.03,2024-11-20
1155,Carlos 1155,carlos.11551155@example.com,France,680.51,2024-11-27
1156,Fatima 1156,fatima.11561156@example.com,USA,557.98,2024-10-11
1157,Carlos 1157,carlos.11571157@example.com,Mexico,51.35,2024-10-20
1158,Julia 1158,julia.11581158@example.com,Spain,541.78,2024-02-13
1159,Eduardo 1159,eduardo.11591159@example.com,UK,750.81,2024-06-25
1160,Diana 1160,diana.11601160@example.com,Spain,906.56,2024-09-19
1161,Carlos 1161,carlos.11611161@example.com,Canada,192.15,2024-11-11
1162,Eduardo 1162,eduardo.11621162@example.com,UK,123.48,2024-12-09
1163,Julia 1163,julia.11631163@example.com,USA,852.87,2024-10-08
1164,Hannah 1164,hannah.11641164@example.com,Japan,82.41,2024-12-09
1165,Bob 1165,bob.11651165@example.com,France,107.22,2024-10-24
1166,Hannah 1166,hannah.11661166@example.com,Germany,363.56,2024-12-09
1167,Diana 1167,diana.11671167@example.com,Mexico,292.28,2024-02-05
1168,Diana 1168,diana.11681168@example.com,Germany,491.0,2024-06-17
1169,Julia 1169,julia.11691169@example.com,France,696.52,2024-03-19
1170,Julia 1170,julia.11701170@example.com,Brazil,370.84,2024-06-10
1171,George 1171,george.11711171@example.com,Canada,14.78,2024-05-06
1172,Diana 1172,diana.11721172@example.com,Spain,283.91,2024-07-03
1173,Carlos 1173,carlos.11731173@example.com,Germany,879.1,2024-08-24
1174,Hannah 1174,hannah.11741174@example.com,Germany,777.01,2024-09-06
1175,Ivan 1175,ivan.11751175@example.com,Mexico,184.01,2024-11-06
1176,Bob 1176,bob.11761176@example.com,France,860.12,2024-03-12
1177,Ivan 1177,ivan.11771177@example.com,UK,270.6,2024-11-16
1178,Bob 1178,bob.11781178@example.com,Mexico,893.18,2024-09-16
1179,Alice 1179,alice.11791179@example.com,Brazil,583.11,2024-10-29
1180,Diana 1180,diana.11801180@example.com,USA,556.07,2024-10-05
1181,Ivan 1181,ivan.11811181@example.com,Italy,657.36,2024-03-17
1182,Fatima 1182,fatima.11821182@example.com,Spain,231.07,2024-10-28
1183,Eduardo 1183,eduardo.11831183@example.com,Canada,470.05,2024-09-18
1184,Bob 1184,bob.11841184@example.com,Spain,370.22,2024-01-06
1185,Diana 1185,diana.11851185@example.com,Brazil,687.31,2024-09-20
1186,Carlos 1186,carlos.11861186@example.com,Italy,167.63,2024-10-16
1187,Julia 1187,julia.11871187@example.com,Canada,738.55,2024-09-04
1188,Fatima 1188,fatima.11881188@example.com,USA,226.63,2024-09-06
1189,Diana 1189,diana.11891189@example.com,Mexico,271.71,2024-04-29
1190,Alice 1190,alice.11901190@example.com,UK,522.7,2024-07-03
1191,George 1191,george.11911191@example.com,Italy,918.71,2024-01-24
1192,Alice 1192,alice.11921192@example.com,Germany,112.19,2024-09-23
1193,Eduardo 1193,eduardo.11931193@example.com,France,582.84,2024-10-18
1194,Carlos 1194,carlos.11941194@example.com,Spain,657.13,2024-07-06
1195,Julia 1195,julia.11951195@example.com,Mexico,521.49,2024-07-11
1196,Diana 1196,diana.11961196@example.com,Japan,411.78,2024-06-25
1197,Hannah 1197,hannah.11971197@example.com,Italy,888.29,2024-01-04
1198,Ivan 1198,ivan.11981198@example.com,Canada,445.5,2024-04-27
1199,Bob 1199,bob.11991199@example.com,Japan,647.04,2024-04-18
1200,Carlos 1200,carlos.12001200@example.com,Canada,165.78,2024-11-04
1201,Bob 1201,bob.12011201@example.com,UK,420.46,2024-06-18
1202,Bob 1202,bob.12021202@example.com,Italy,678.47,2024-09-02
1203,Diana 1203,diana.12031203@example.com,Brazil,169.63,2024-07-29
1204,Alice 1204,alice.12041204@example.com,UK,52.71,2024-10-20
1205,Julia 1205,julia.12051205@example.com,Canada,143.38,2024-09-19
1206,Alice 1206,alice.12061206@example.com,Brazil,155.39,2024-03-26
1207,Eduardo 1207,eduardo.12071207@example.com,Canada,521.47,2024-07-26
1208,Julia 1208,julia.12081208@example.com,Brazil,641.24,2024-12-04
1209,Eduardo 1209,eduardo.12091209@example.com,Mexico,224.43,2024-11-06
1210,Hannah 1210,hannah.12101210@example.com,Italy,178.86,2024-07-29
1211,Julia 1211,julia.12111211@example.com,Canada,796.66,2024-04-03
1212,Julia 1212,julia.12121212@example.com,Japan,271.87,2024-12-17
1213,Fatima 1213,fatima.12131213@example.com,Italy,600.56,2024-02-05
1214,Diana 1214,diana.12141214@example.com,Spain,391.6,2024-02-25
1215,Alice 1215,alice.12151215@example.com,UK,527.48,2024-09-15
1216,George 1216,george.12161216@example.com,Canada,609.45,2024-03-31
1217,Hannah 1217,hannah.12171217@example.com,Brazil,603.81,2024-09-29
1218,Ivan 1218,ivan.12181218@example.com,Mexico,102.26,2024-12-03
1219,Carlos 1219,carlos.12191219@example.com,Brazil,543.89,2024-01-01
1220,George 1220,george.12201220@example.com,Japan,426.47,2024-01-23
1221,Ivan 1221,ivan.12211221@example.com,Spain,237.19,2024-09-03
1222,George 1222,george.12221222@example.com,Germany,593.15,2024-12-22
1223,Julia 1223,julia.12231223@example.com,Mexico,431.23,2024-05-10
1224,Hannah 1224,hannah.12241224@example.com,UK,910.98,2024-02-12
1225,Eduardo 1225,eduardo.12251225@example.com,Brazil,877.99,2024-07-28
1226,Eduardo 1226,eduardo.12261226@example.com,UK,15.41,2024-01-04
1227,Julia 1227,julia.12271227@example.com,Japan,126.65,2024-01-04
1228,George 1228,george.12281228@example.com,UK,690.88,2024-06-10
1229,George 1229,george.12291229@example.com,Germany,115.52,2024-08-06
1230,Julia 1230,julia.12301230@example.com,France,268.69,2024-10-01
1231,George 1231,george.12311231@example.com,Brazil,371.98,2024-05-21
1232,George 1232,george.12321232@example.com,UK,419.09,2024-10-12
1233,Hannah 1233,hannah.12331233@example.com,Canada,376.51,2024-10-11
1234,Hannah 1234,hannah.12341234@example.com,France,988.61,2024-10-22
1235,Fatima 1235,fatima.12351235@example.com,Spain,738.42,2024-12-03
1236,Bob 1236,bob.12361236@example.com,UK,452.12,2024-12-24
1237,Carlos 1237,carlos.12371237@example.com,Mexico,222.31,2024-07-24
1238,Fatima 1238,fatima.12381238@example.com,Japan,617.88,2024-12-16
1239,Alice 1239,alice.12391239@example.com,Canada,395.21,2024-11-21
1240,Alice 1240,alice.12401240@example.com,Mexico,825.01,2024-08-29
1241,Julia 1241,julia.12411241@example.com,Spain,97.26,2024-05-14
1242,Diana 1242,diana.12421242@example.com,Germany,89.24,2024-01-20
1243,George 1243,george.12431243@example.com,Spain,617.82,2024-09-23
1244,Eduardo 1244,eduardo.12441244@example.com,Brazil,66.89,2024-03-30
1245,Hannah 1245,hannah.12451245@example.com,Italy,20.6,2024-12-02
1246,Ivan 1246,ivan.12461246@example.com,France,202.8,2024-11-02
1247,Ivan 1247,ivan.12471247@example.com,Japan,701.46,2024-11-10
1248,Carlos 1248,carlos.12481248@example.com,USA,366.14,2024-12-01
1249,Alice 1249,alice.12491249@example.com,Canada,95.97,2024-05-21
1250,George 1250,george.12501250@example.com,Germany,672.96,2024-07-26
1251,Julia 1251,julia.12511251@example.com,UK,522.56,2024-12-26
1252,Bob 1252,bob.12521252@example.com,Mexico,554.09,2024-10-13
1253,Julia 1253,julia.12531253@example.com,Germany,354.0,2024-05-21
1254,Diana 1254,diana.12541254@example.com,Brazil,963.42,2024-08-20
1255,George 1255,george.12551255@example.com,Brazil,14.6,2024-03-30
1256,George 1256,george.12561256@example.com,Japan,115.4,2024-02-07
1257,Ivan 1257,ivan.12571257@example.com,France,346.56,2024-02-29
1258,Ivan 1258,ivan.12581258@example.com,France,877.34,2024-10-21
1259,Eduardo 1259,eduardo.12591259@example.com,Italy,966.39,2024-10-15
1260,Hannah 1260,hannah.12601260@example.com,UK,759.89,2024-08-22
1261,Hannah 1261,hannah.12611261@example.com,Brazil,863.39,2024-09-03
1262,Bob 1262,bob.12621262@example.com,France,76.88,2024-11-20
1263,Diana 1263,diana.12631263@example.com,UK,802.15,2024-07-30
1264,Fatima 1264,fatima.12641264@example.com,Japan,540.29,2024-12-24
1265,Eduardo 1265,eduardo.12651265@example.com,UK,294.41,2024-07-23
1266,Fatima 1266,fatima.12661266@example.com,Mexico,559.0,2024-04-01
1267,Hannah 1267,hannah.12671267@example.com,Germany,360.0,2024-10-20
1268,Eduardo 1268,eduardo.12681268@example.com,Canada,947.64,2024-12-15
1269,Diana 1269,diana.12691269@example.com,Italy,739.73,2024-04-30
1270,Diana 1270,diana.12701270@example.com,France,214.71,2024-04-13
1271,Diana 1271,diana.12711271@example.com,Brazil,362.46,2024-02-24
1272,Bob 1272,bob.12721272@example.com,Mexico,679.05,2024-12-05
1273,Hannah 1273,hannah.12731273@example.com,Brazil,16.56,2024-10-04
1274,Alice 1274,alice.12741274@example.com,Italy,377.48,2024-06-10
1275,Hannah 1275,hannah.12751275@example.com,Brazil,870.07,2024-09-08
1276,Carlos 1276,carlos.12761276@example.com,Japan,287.46,2024-04-23
1277,Julia 1277,julia.12771277@example.com,Canada,63.61,2024-08-04
1278,Hannah 1278,hannah.12781278@example.com,Japan,42.24,2024-06-26
1279,George 1279,george.12791279@example.com,Canada,462.62,2024-03-02
1280,Ivan 1280,ivan.12801280@example.com,Italy,322.49,2024-01-05
1281,Alice 1281,alice.12811281@example.com,UK,385.63,2024-02-21
1282,Fatima 1282,fatima.12821282@example.com,Germany,616.64,2024-05-12
1283,Carlos 1283,carlos.12831283@example.com,Japan,270.22,2024-05-17
1284,Hannah 1284,hannah.12841284@example.com,Brazil,349.66,2024-04-04
1285,Hannah 1285,hannah.12851285@example.com,Spain,218.43,2024-12-24
1286,Fatima 1286,fatima.12861286@example.com,Germany,855.77,2024-05-23
1287,Hannah 1287,hannah.12871287@example.com,Canada,575.69,2024-10-21
1288,Diana 1288,diana.12881288@example.com,Mexico,723.6,2024-04-30
1289,Ivan 1289,ivan.12891289@example.com,Spain,857.74,2024-04-10
1290,Carlos 1290,carlos.12901290@example.com,Canada,478.25,2024-01-05
1291,Carlos 1291,carlos.12911291@example.com,Spain,504.6,2024-11-18
1292,Ivan 1292,ivan.12921292@example.com,Japan,723.35,2024-09-06
1293,Eduardo 1293,eduardo.12931293@example.com,France,566.51,2024-10-17
1294,Alice 1294,alice.12941294@example.com,Spain,107.98,2024-03-24
1295,Alice 1295,alice.12951295@example.com,UK,815.67,2024-08-31
1296,Bob 1296,bob.12961296@example.com,Italy,747.14,2024-05-13
1297,Fatima 1297,fatima.12971297@example.com,Germany,564.74,2024-05-11
1298,Fatima 1298,fatima.12981298@example.com,USA,417.64,2024-06-28
1299,Julia 1299,julia.12991299@example.com,UK,581.08,2024-11-28
1300,Ivan 1300,ivan.13001300@example.com,Canada,979.57,2024-05-25
1301,Fatima 1301,fatima.13011301@example.com,Germany,676.45,2024-09-06
1302,Hannah 1302,hannah.13021302@example.com,Mexico,387.26,2024-05-26
1303,Hannah 1303,hannah.13031303@example.com,Canada,869.57,2024-11-23
1304,Fatima 1304,fatima.13041304@example.com,Spain,634.95,2024-10-19
1305,George 1305,george.13051305@example.com,Mexico,88.32,2024-06-24
1306,Diana 1306,diana.13061306@example.com,Germany,323.71,2024-05-29
1307,Eduardo 1307,eduardo.13071307@example.com,Brazil,648.19,2024-05-18
1308,Hannah 1308,hannah.13081308@example.com,Germany,750.41,2024-09-23
1309,Hannah 1309,hannah.13091309@example.com,Spain,175.64,2024-01-12
1310,Carlos 1310,carlos.13101310@example.com,UK,665.4,2024-12-24
1311,Bob 1311,bob.13111311@example.com,UK,175.24,2024-02-22
1312,Bob 1312,bob.13121312@example.com,Mexico,937.42,2024-08-30
1313,Ivan 1313,ivan.13131313@example.com,USA,36.1,2024-07-22
1314,Ivan 1314,ivan.13141314@example.com,Mexico,112.89,2024-11-12
1315,Carlos 1315,carlos.13151315@example.com,Mexico,658.28,2024-07-18
1316,Eduardo 1316,eduardo.13161316@example.com,UK,254.92,2024-05-25
1317,Hannah 1317,hannah.13171317@example.com,Canada,139.96,2024-03-28
1318,Alice 1318,alice.13181318@example.com,USA,666.91,2024-06-15
1319,Hannah 1319,hannah.13191319@example.com,Italy,975.22,2024-10-03
1320,Eduardo 1320,eduardo.13201320@example.com,Japan,450.39,2024-12-23
1321,Ivan 1321,ivan.13211321@example.com,Canada,594.92,2024-08-21
1322,Julia 1322,julia.13221322@example.com,Spain,528.22,2024-11-23
1323,Ivan 1323,ivan.13231323@example.com,France,909.82,2024-09-03
1324,Ivan 1324,ivan.13241324@example.com,UK,806.65,2024-08-14
1325,Eduardo 1325,eduardo.13251325@example.com,Germany,418.08,2024-03-20
1326,Eduardo 1326,eduardo.13261326@example.com,USA,10.09,2024-03-10
1327,Fatima 1327,fatima.13271327@example.com,France,474.5,2024-01-05
1328,Hannah 1328,hannah.13281328@example.com,Italy,306.61,2024-08-08
1329,Eduardo 1329,eduardo.13291329@example.com,Brazil,238.9,2024-01-04
1330,Ivan 1330,ivan.13301330@example.com,Germany,196.68,2024-10-14
1331,George 1331,george.13311331@example.com,Spain,257.39,2024-11-26
1332,George 1332,george.13321332@example.com,Spain,228.38,2024-02-10
1333,George 1333,george.13331333@example.com,UK,521.44,2024-11-09
1334,Eduardo 1334,eduardo.13341334@example.com,France,651.97,2024-09-29
1335,Eduardo 1335,eduardo.13351335@example.com,Spain,196.12,2024-02-05
1336,Carlos 1336,carlos.13361336@example.com,Canada,296.7,2024-11-22
1337,Hannah 1337,hannah.13371337@example.com,Brazil,458.24,2024-12-24
1338,Julia 1338,julia.13381338@example.com,Italy,195.91,2024-01-10
1339,Carlos 1339,carlos.13391339@example.com,USA,970.01,2024-01-12
1340,Carlos 1340,carlos.13401340@example.com,Mexico,289.29,2024-03-05
1341,Hannah 1341,hannah.13411341@example.com,USA,240.48,2024-03-18
1342,Alice 1342,alice.13421342@example.com,Italy,225.01,2024-08-03
1343,Eduardo 1343,eduardo.13431343@example.com,Italy,997.97,2024-08-25
1344,Alice 1344,alice.13441344@example.com,Germany,89.42,2024-03-15
1345,Alice 1345,alice.13451345@example.com,France,777.89,2024-02-06
1346,Ivan 1346,ivan.13461346@example.com,Italy,189.79,2024-05-08
1347,George 1347,george.13471347@example.com,USA,130.74,2024-05-07
1348,George 1348,george.13481348@example.com,Italy,254.69,2024-01-18
1349,Diana 1349,diana.13491349@example.com,Italy,737.96,2024-02-18
1350,Ivan 1350,ivan.13501350@example.com,UK,478.09,2024-12-14
1351,Eduardo 1351,eduardo.13511351@example.com,Germany,167.02,2024-01-22
1352,Ivan 1352,ivan.13521352@example.com,Japan,130.92,2024-09-03
1353,Eduardo 1353,eduardo.13531353@example.com,UK,366.82,2024-01-27
1354,Diana 1354,diana.13541354@example.com,Mexico,243.6,2024-08-10
1355,Fatima 1355,fatima.13551355@example.com,USA,175.69,2024-05-21
1356,Julia 1356,julia.13561356@example.com,Mexico,401.85,2024-05-04
1357,Alice 1357,alice.13571357@example.com,USA,585.26,2024-12-19
1358,Hannah 1358,hannah.13581358@example.com,Brazil,163.44,2024-02-15
1359,Diana 1359,diana.13591359@example.com,Canada,504.92,2024-12-17
1360,Julia 1360,julia.13601360@example.com,Germany,931.53,2024-11-16
1361,Alice 1361,alice.13611361@example.com,USA,361.96,2024-03-19
1362,Ivan 1362,ivan.13621362@example.com,Mexico,134.57,2024-04-29
1363,Fatima 1363,fatima.13631363@example.com,Japan,790.67,2024-06-26
1364,Hannah 1364,hannah.13641364@example.com,UK,31.14,2024-07-12
1365,Fatima 1365,fatima.13651365@example.com,Canada,258.19,2024-01-21
1366,Hannah 1366,hannah.13661366@example.com,Italy,563.43,2024-10-04
1367,Hannah 1367,hannah.13671367@example.com,UK,571.03,2024-10-05
1368,Fatima 1368,fatima.13681368@example.com,Germany,735.07,2024-05-20
1369,Julia 1369,julia.13691369@example.com,Japan,168.74,2024-09-28
1370,Carlos 1370,carlos.13701370@example.com,Italy,302.71,2024-05-14
1371,Ivan 1371,ivan.13711371@example.com,Germany,459.53,2024-11-22
1372,Ivan 1372,ivan.13721372@example.com,Spain,736.31,2024-01-10
1373,Julia 1373,julia.13731373@example.com,Germany,778.25,2024-05-02
1374,Fatima 1374,fatima.13741374@example.com,Mexico,661.7,2024-10-02
1375,George 1375,george.13751375@example.com,UK,528.82,2024-09-11
1376,Ivan 1376,ivan.13761376@example.com,Canada,616.9,2024-06-14
1377,George 1377,george.13771377@example.com,Germany,119.36,2024-09-24
1378,Bob 1378,bob.13781378@example.com,USA,836.83,2024-03-07
1379,Carlos 1379,carlos.13791379@example.com,USA,210.06,2024-09-05
1380,Diana 1380,diana.13801380@example.com,Mexico,41.5,2024-11-24
1381,George 1381,george.13811381@example.com,Italy,530.56,2024-12-25
1382,Julia 1382,julia.13821382@example.com,France,58.59,2024-04-23
1383,Julia 1383,julia.13831383@example.com,Mexico,22.96,2024-04-16
1384,Hannah 1384,hannah.13841384@example.com,Mexico,473.37,2024-11-23
1385,Alice 1385,alice.13851385@example.com,Germany,562.43,2024-07-31
1386,Fatima 1386,fatima.13861386@example.com,USA,825.4,2024-05-16
1387,Ivan 1387,ivan.13871387@example.com,USA,736.95,2024-06-04
1388,Bob 1388,bob.13881388@example.com,UK,960.97,2024-02-19
1389,Bob 1389,bob.13891389@example.com,UK,536.34,2024-04-07
1390,Diana 1390,diana.13901390@example.com,Japan,660.3,2024-10-18
1391,Carlos 1391,carlos.13911391@example.com,Japan,751.69,2024-07-31
1392,Bob 1392,bob.13921392@example.com,Brazil,364.38,2024-08-22
1393,George 1393,george.13931393@example.com,Mexico,175.14,2024-04-02
1394,Ivan 1394,ivan.13941394@example.com,Spain,509.64,2024-12-02
1395,Carlos 1395,carlos.13951395@example.com,Japan,998.44,2024-08-14
1396,Fatima 1396,fatima.13961396@example.com,Germany,554.58,2024-06-15
1397,Fatima 1397,fatima.13971397@example.com,Spain,766.53,2024-08-08
1398,Fatima 1398,fatima.13981398@example.com,Brazil,248.31,2024-10-06
1399,Diana 1399,diana.13991399@example.com,Spain,768.04,2024-05-10
1400,Fatima 1400,fatima.14001400@example.com,Italy,453.02,2024-07-22
1401,Alice 1401,alice.14011401@example.com,USA,983.12,2024-11-01
1402,Alice 1402,alice.14021402@example.com,Japan,143.73,2024-06-03
1403,Alice 1403,alice.14031403@example.com,France,984.54,2024-04-19
1404,Fatima 1404,fatima.14041404@example.com,USA,773.8,2024-12-19
1405,Eduardo 1405,eduardo.14051405@example.com,Japan,516.15,2024-10-19
1406,Julia 1406,julia.14061406@example.com,Canada,103.34,2024-08-23
1407,Fatima 1407,fatima.14071407@example.com,Canada,147.02,2024-07-06
1408,Julia 1408,julia.14081408@example.com,UK,240.66,2024-06-02
1409,Bob 1409,bob.14091409@example.com,Brazil,405.8,2024-04-21
1410,Bob 1410,bob.14101410@example.com,Germany,794.97,2024-03-29
1411,Hannah 1411,hannah.14111411@example.com,Brazil,821.31,2024-02-18
1412,Julia 1412,julia.14121412@example.com,France,47.0,2024-10-22
1413,George 1413,george.14131413@example.com,Mexico,782.31,2024-06-20
1414,Fatima 1414,fatima.14141414@example.com,Spain,422.35,2024-03-02
1415,Diana 1415,diana.14151415@example.com,Brazil,929.36,2024-11-20
1416,George 1416,george.14161416@example.com,USA,311.73,2024-01-22
1417,Fatima 1417,fatima.14171417@example.com,Japan,569.26,2024-06-16
1418,Ivan 1418,ivan.14181418@example.com,UK,161.66,2024-12-10
1419,George 1419,george.14191419@example.com,Italy,755.3,2024-10-21
1420,Ivan 1420,ivan.14201420@example.com,Mexico,229.86,2024-05-28
1421,George 1421,george.14211421@example.com,Canada,140.87,2024-02-12
1422,Hannah 1422,hannah.14221422@example.com,Brazil,747.85,2024-10-07
1423,George 1423,george.14231423@example.com,France,94.23,2024-09-13
1424,George 1424,george.14241424@example.com,Canada,764.4,2024-09-03
1425,Ivan 1425,ivan.14251425@example.com,UK,492.98,2024-11-29
1426,Julia 1426,julia.14261426@example.com,UK,565.55,2024-09-25
1427,Diana 1427,diana.14271427@example.com,UK,80.93,2024-08-08
1428,Fatima 1428,fatima.14281428@example.com,Brazil,98.7,2024-12-09
1429,George 1429,george.14291429@example.com,Spain,371.61,2024-04-07
1430,Fatima 1430,fatima.14301430@example.com,Germany,597.93,2024-01-13
1431,Eduardo 1431,eduardo.14311431@example.com,Canada,987.77,2024-11-11
1432,Hannah 1432,hannah.14321432@example.com,Brazil,154.36,2024-01-23
1433,Diana 1433,diana.14331433@example.com,UK,688.5,2024-03-20
1434,Bob 1434,bob.14341434@example.com,Mexico,742.18,2024-05-04
1435,Julia 1435,julia.14351435@example.com,Canada,870.06,2024-05-27
1436,Alice 1436,alice.14361436@example.com,Germany,696.85,2024-02-26
1437,Eduardo 1437,eduardo.14371437@example.com,Italy,476.47,2024-06-18
1438,Diana 1438,diana.14381438@example.com,Japan,219.75,2024-10-06
1439,Ivan 1439,ivan.14391439@example.com,France,553.31,2024-11-14
1440,Carlos 1440,carlos.14401440@example.com,USA,382.84,2024-12-05
1441,Ivan 1441,ivan.14411441@example.com,USA,262.9,2024-01-31
1442,Eduardo 1442,eduardo.14421442@example.com,UK,791.29,2024-11-12
1443,Eduardo 1443,eduardo.14431443@example.com,USA,470.31,2024-01-05
1444,Bob 1444,bob.14441444@example.com,Spain,663.76,2024-12-05
1445,Fatima 1445,fatima.14451445@example.com,Mexico,28.89,2024-11-28
1446,George 1446,george.14461446@example.com,UK,979.99,2024-09-17
1447,Bob 1447,bob.14471447@example.com,Germany,489.81,2024-11-01
1448,Ivan 1448,ivan.14481448@example.com,Mexico,194.55,2024-09-13
1449,Hannah 1449,hannah.14491449@example.com,Japan,927.08,2024-01-12
1450,Alice 1450,alice.14501450@example.com,UK,923.04,2024-06-05
1451,Fatima 1451,fatima.14511451@example.com,Italy,399.46,2024-03-21
1452,Alice 1452,alice.14521452@example.com,Germany,687.46,2024-06-30
1453,Eduardo 1453,eduardo.14531453@example.com,UK,996.02,2024-09-13
1454,Eduardo 1454,eduardo.14541454@example.com,USA,629.53,2024-07-17
1455,Alice 1455,alice.14551455@example.com,Japan,949.62,2024-04-25
1456,Carlos 1456,carlos.14561456@example.com,Germany,898.19,2024-12-02
1457,Carlos 1457,carlos.14571457@example.com,Mexico,732.58,2024-09-23
1458,Julia 1458,julia.14581458@example.com,UK,423.16,2024-10-20
1459,Carlos 1459,carlos.14591459@example.com,Spain,970.82,2024-11-05
1460,Fatima 1460,fatima.14601460@example.com,Italy,546.81,2024-04-15
1461,Carlos 1461,carlos.14611461@example.com,Brazil,545.93,2024-04-13
1462,Carlos 1462,carlos.14621462@example.com,France,691.64,2024-09-25
1463,Carlos 1463,carlos.14631463@example.com,Spain,995.72,2024-03-15
1464,Julia 1464,julia.14641464@example.com,Canada,324.32,2024-10-12
1465,Ivan 1465,ivan.14651465@example.com,Mexico,192.29,2024-03-15
1466,Alice 1466,alice.14661466@example.com,Germany,881.32,2024-07-30
1467,George 1467,george.14671467@example.com,France,448.57,2024-11-22
1468,Eduardo 1468,eduardo.14681468@example.com,Canada,781.31,2024-02-24
1469,Carlos 1469,carlos.14691469@example.com,Canada,35.94,2024-11-09
1470,Julia 1470,julia.14701470@example.com,France,609.54,2024-11-09
1471,Diana 1471,diana.14711471@example.com,Brazil,239.86,2024-12-17
1472,Alice 1472,alice.14721472@example.com,Germany,88.68,2024-09-01
1473,Carlos 1473,carlos.14731473@example.com,Japan,847.67,2024-08-28
1474,Fatima 1474,fatima.14741474@example.com,Canada,853.6,2024-09-08
1475,Hannah 1475,hannah.14751475@example.com,Canada,172.15,2024-04-25
1476,Alice 1476,alice.14761476@example.com,Spain,766.89,2024-01-08
1477,Eduardo 1477,eduardo.14771477@example.com,Spain,230.33,2024-12-09
1478,Diana 1478,diana.14781478@example.com,UK,75.47,2024-08-12
1479,Julia 1479,julia.14791479@example.com,Italy,690.98,2024-08-22
1480,Diana 1480,diana.14801480@example.com,Spain,410.81,2024-01-22
1481,Julia 1481,julia.14811481@example.com,Spain,722.99,2024-07-20
1482,Julia 1482,julia.14821482@example.com,Brazil,597.86,2024-09-25
1483,Alice 1483,alice.14831483@example.com,Japan,118.22,2024-08-21
1484,Alice 1484,alice.14841484@example.com,UK,523.51,2024-07-21
1485,Alice 1485,alice.14851485@example.com,Japan,393.52,2024-11-18
1486,Alice 1486,alice.14861486@example.com,UK,298.26,2024-07-22
1487,Eduardo 1487,eduardo.14871487@example.com,France,466.73,2024-08-04
1488,Eduardo 1488,eduardo.14881488@example.com,Brazil,919.83,2024-12-19
1489,Ivan 1489,ivan.14891489@example.com,Canada,468.94,2024-11-26
1490,Hannah 1490,hannah.14901490@example.com,Mexico,725.41,2024-02-27
1491,Carlos 1491,carlos.14911491@example.com,Brazil,938.45,2024-12-22
1492,Ivan 1492,ivan.14921492@example.com,Canada,399.13,2024-06-14
1493,Hannah 1493,hannah.14931493@example.com,USA,187.09,2024-10-29
1494,Diana 1494,diana.14941494@example.com,Italy,99.28,2024-06-14
1495,Carlos 1495,carlos.14951495@example.com,Mexico,100.28,2024-12-27
1496,Hannah 1496,hannah.14961496@example.com,Germany,94.45,2024-12-28
1497,George 1497,george.14971497@example.com,Japan,615.95,2024-03-22
1498,George 1498,george.14981498@example.com,Japan,386.8,2024-03-28
1499,Fatima 1499,fatima.14991499@example.com,Brazil,872.58,2024-03-17
1500,Carlos 1500,carlos.15001500@example.com,Canada,187.08,2024-12-30
1501,Alice 1501,alice.15011501@example.com,Spain,314.98,2024-08-16
1502,Eduardo 1502,eduardo.15021502@example.com,Canada,126.38,2024-03-08
1503,Diana 1503,diana.15031503@example.com,USA,626.33,2024-05-09
1504,Alice 1504,alice.15041504@example.com,Italy,502.65,2024-09-12
1505,Ivan 1505,ivan.15051505@example.com,USA,611.9,2024-09-09
1506,Diana 1506,diana.15061506@example.com,UK,592.97,2024-08-31
1507,Hannah 1507,hannah.15071507@example.com,Spain,447.45,2024-11-03
1508,Julia 1508,julia.15081508@example.com,USA,252.26,2024-10-07
1509,Eduardo 1509,eduardo.15091509@example.com,Brazil,632.34,2024-04-16
1510,Alice 1510,alice.15101510@example.com,Canada,156.77,2024-11-30
1511,Fatima 1511,fatima.15111511@example.com,USA,153.92,2024-01-17
1512,Julia 1512,julia.15121512@example.com,Brazil,305.45,2024-02-14
1513,Alice 1513,alice.15131513@example.com,Mexico,422.78,2024-04-01
1514,Carlos 1514,carlos.15141514@example.com,France,614.97,2024-12-20
1515,Julia 1515,julia.15151515@example.com,Brazil,789.43,2024-03-31
1516,Hannah 1516,hannah.15161516@example.com,Brazil,366.58,2024-01-19
1517,Bob 1517,bob.15171517@example.com,France,329.59,2024-07-13
1518,Bob 1518,bob.15181518@example.com,Spain,844.87,2024-02-03
1519,Eduardo 1519,eduardo.15191519@example.com,Italy,143.2,2024-12-21
1520,Eduardo 1520,eduardo.15201520@example.com,Germany,531.78,2024-09-25
1521,Diana 1521,diana.15211521@example.com,UK,615.93,2024-02-25
1522,Julia 1522,julia.15221522@example.com,Japan,987.31,2024-09-04
1523,Julia 1523,julia.15231523@example.com,France,432.78,2024-06-11
1524,Eduardo 1524,eduardo.15241524@example.com,Japan,579.39,2024-11-15
1525,Fatima 1525,fatima.15251525@example.com,Canada,618.14,2024-09-11
1526,Ivan 1526,ivan.15261526@example.com,Italy,497.57,2024-04-02
1527,Julia 1527,julia.15271527@example.com,UK,711.49,2024-04-09
1528,Alice 1528,alice.15281528@example.com,Mexico,33.75,2024-11-16
1529,Bob 1529,bob.15291529@example.com,UK,801.56,2024-07-31
1530,George 1530,george.15301530@example.com,USA,340.45,2024-10-13
1531,Diana 1531,diana.15311531@example.com,USA,644.21,2024-12-19
1532,Eduardo 1532,eduardo.15321532@example.com,France,792.29,2024-06-06
1533,Eduardo 1533,eduardo.15331533@example.com,Japan,554.49,2024-01-04
1534,Bob 1534,bob.15341534@example.com,Germany,347.94,2024-10-18
1535,Julia 1535,julia.15351535@example.com,USA,833.71,2024-04-09
1536,Fatima 1536,fatima.15361536@example.com,Germany,923.05,2024-09-02
1537,Hannah 1537,hannah.15371537@example.com,USA,649.19,2024-09-03
1538,Carlos 1538,carlos.15381538@example.com,Italy,893.13,2024-10-01
1539,Fatima 1539,fatima.15391539@example.com,Italy,786.14,2024-07-30
1540,Alice 1540,alice.15401540@example.com,Japan,306.35,2024-12-13
1541,Fatima 1541,fatima.15411541@example.com,Japan,540.52,2024-04-16
1542,Julia 1542,julia.15421542@example.com,Germany,801.53,2024-06-30
1543,Bob 1543,bob.15431543@example.com,Canada,287.65,2024-01-16
1544,Fatima 1544,fatima.15441544@example.com,Spain,630.24,2024-03-25
1545,Julia 1545,julia.15451545@example.com,Brazil,395.67,2024-10-31
1546,Bob 1546,bob.15461546@example.com,France,708.21,2024-06-10
1547,Alice 1547,alice.15471547@example.com,France,419.73,2024-09-11
1548,Diana 1548,diana.15481548@example.com,Germany,457.38,2024-06-03
1549,Diana 1549,diana.15491549@example.com,Japan,309.29,2024-02-27
1550,Fatima 1550,fatima.15501550@example.com,USA,780.0,2024-02-17
1551,Hannah 1551,hannah.15511551@example.com,Japan,34.69,2024-09-04
1552,Ivan 1552,ivan.15521552@example.com,Canada,198.31,2024-09-04
1553,Ivan 1553,ivan.15531553@example.com,France,777.77,2024-03-14
1554,Bob 1554,bob.15541554@example.com,Japan,679.94,2024-03-08
1555,Diana 1555,diana.15551555@example.com,USA,464.77,2024-09-24
1556,Bob 1556,bob.15561556@example.com,USA,317.87,2024-01-23
1557,Julia 1557,julia.15571557@example.com,Mexico,339.95,2024-01-24
1558,Bob 1558,bob.15581558@example.com,Japan,768.51,2024-06-08
1559,Alice 1559,alice.15591559@example.com,Brazil,760.9,2024-11-23
1560,Diana 1560,diana.15601560@example.com,Germany,208.55,2024-05-26
1561,Eduardo 1561,eduardo.15611561@example.com,Japan,325.96,2024-08-13
1562,Bob 1562,bob.15621562@example.com,France,157.83,2024-05-20
1563,Bob 1563,bob.15631563@example.com,USA,958.71,2024-10-13
1564,Ivan 1564,ivan.15641564@example.com,Mexico,214.51,2024-06-28
1565,Ivan 1565,ivan.15651565@example.com,Germany,278.34,2024-12-26
1566,Eduardo 1566,eduardo.15661566@example.com,Brazil,252.37,2024-02-06
1567,Eduardo 1567,eduardo.15671567@example.com,Brazil,893.31,2024-10-03
1568,Hannah 1568,hannah.15681568@example.com,USA,138.77,2024-08-29
1569,Alice 1569,alice.15691569@example.com,Mexico,389.76,2024-02-14
1570,George 1570,george.15701570@example.com,Spain,187.19,2024-11-01
1571,Julia 1571,julia.15711571@example.com,Italy,620.15,2024-06-08
1572,Fatima 1572,fatima.15721572@example.com,UK,715.76,2024-12-09
1573,Ivan 1573,ivan.15731573@example.com,Mexico,973.94,2024-08-26
1574,Julia 1574,julia.15741574@example.com,Canada,101.99,2024-12-23
1575,Hannah 1575,hannah.15751575@example.com,Mexico,461.02,2024-12-16
1576,Hannah 1576,hannah.15761576@example.com,Italy,239.37,2024-04-24
1577,Carlos 1577,carlos.15771577@example.com,Brazil,265.47,2024-07-05
1578,George 1578,george.15781578@example.com,Canada,702.61,2024-12-06
1579,Fatima 1579,fatima.15791579@example.com,Germany,458.75,2024-01-16
1580,Bob 1580,bob.15801580@example.com,Italy,121.76,2024-09-02
1581,Hannah 1581,hannah.15811581@example.com,Canada,289.43,2024-06-27
1582,Julia 1582,julia.15821582@example.com,Brazil,136.12,2024-02-22
1583,George 1583,george.15831583@example.com,Mexico,332.61,2024-11-28
1584,Bob 1584,bob.15841584@example.com,France,537.41,2024-07-24
1585,Julia 1585,julia.15851585@example.com,Spain,246.19,2024-05-04
1586,Ivan 1586,ivan.15861586@example.com,Canada,974.14,2024-07-15
1587,Bob 1587,bob.15871587@example.com,Germany,216.15,2024-12-21
1588,Julia 1588,julia.15881588@example.com,Spain,786.46,2024-08-10
1589,Julia 1589,julia.15891589@example.com,Germany,549.08,2024-04-30
1590,Carlos 1590,carlos.15901590@example.com,Mexico,741.97,2024-12-30
1591,Julia 1591,julia.15911591@example.com,Italy,123.18,2024-11-01
1592,Hannah 1592,hannah.15921592@example.com,Germany,559.53,2024-08-15
1593,Carlos 1593,carlos.15931593@example.com,France,956.32,2024-02-05
1594,Julia 1594,julia.15941594@example.com,Mexico,688.65,2024-11-01
1595,George 1595,george.15951595@example.com,Germany,499.35,2024-12-04
1596,Alice 1596,alice.15961596@example.com,Mexico,225.43,2024-03-12
1597,Julia 1597,julia.15971597@example.com,USA,759.5,2024-12-04
1598,Carlos 1598,carlos.15981598@example.com,Italy,535.94,2024-07-18
1599,Julia 1599,julia.15991599@example.com,Brazil,452.68,2024-04-15
1600,Fatima 1600,fatima.16001600@example.com,France,574.57,2024-12-13
1601,Eduardo 1601,eduardo.16011601@example.com,Spain,720.61,2024-06-25
1602,Bob 1602,bob.16021602@example.com,Brazil,18.04,2024-09-18
1603,George 1603,george.16031603@example.com,Canada,853.97,2024-02-01
1604,Fatima 1604,fatima.16041604@example.com,Japan,968.21,2024-01-01
1605,Ivan 1605,ivan.16051605@example.com,Germany,118.6,2024-05-24
1606,Alice 1606,alice.16061606@example.com,UK,437.39,2024-10-29
1607,George 1607,george.16071607@example.com,Germany,714.65,2024-07-26
1608,George 1608,george.16081608@example.com,Spain,549.66,2024-12-05
1609,Carlos 1609,carlos.16091609@example.com,Italy,147.68,2024-10-11
1610,George 1610,george.16101610@example.com,Germany,841.55,2024-03-19
1611,Eduardo 1611,eduardo.16111611@example.com,Canada,142.93,2024-02-06
1612,Alice 1612,alice.16121612@example.com,Canada,724.12,2024-09-06
1613,George 1613,george.16131613@example.com,Canada,93.82,2024-11-24
1614,George 1614,george.16141614@example.com,Italy,894.64,2024-12-22
1615,Julia 1615,julia.16151615@example.com,Spain,627.01,2024-08-20
1616,Ivan 1616,ivan.16161616@example.com,Spain,556.52,2024-08-18
1617,George 1617,george.16171617@example.com,Germany,233.48,2024-08-05
1618,Julia 1618,julia.16181618@example.com,USA,582.15,2024-05-01
1619,Ivan 1619,ivan.16191619@example.com,France,416.73,2024-10-06
1620,Julia 1620,julia.16201620@example.com,Germany,43.13,2024-01-20
1621,Julia 1621,julia.16211621@example.com,Italy,707.83,2024-02-27
1622,Julia 1622,julia.16221622@example.com,Italy,962.11,2024-02-10
1623,Carlos 1623,carlos.16231623@example.com,Japan,983.73,2024-05-23
1624,Hannah 1624,hannah.16241624@example.com,Japan,87.45,2024-11-08
1625,Bob 1625,bob.16251625@example.com,UK,477.72,2024-12-05
1626,Bob 1626,bob.16261626@example.com,Japan,800.11,2024-06-08
1627,Julia 1627,julia.16271627@example.com,USA,904.54,2024-09-30
1628,Alice 1628,alice.16281628@example.com,Italy,459.49,2024-08-28
1629,Julia 1629,julia.16291629@example.com,Germany,426.8,2024-05-30
1630,Eduardo 1630,eduardo.16301630@example.com,Canada,44.97,2024-11-01
1631,Eduardo 1631,eduardo.16311631@example.com,Brazil,267.84,2024-11-18
1632,Hannah 1632,hannah.16321632@example.com,Brazil,177.39,2024-01-27
1633,Eduardo 1633,eduardo.16331633@example.com,Brazil,37.02,2024-09-05
1634,Bob 1634,bob.16341634@example.com,Canada,510.54,2024-05-22
1635,Eduardo 1635,eduardo.16351635@example.com,Canada,619.63,2024-05-20
1636,Eduardo 1636,eduardo.16361636@example.com,USA,744.01,2024-11-05
1637,Carlos 1637,carlos.16371637@example.com,Brazil,741.57,2024-12-03
1638,Hannah 1638,hannah.16381638@example.com,Germany,809.75,2024-05-13
1639,Diana 1639,diana.16391639@example.com,Italy,189.0,2024-09-27
1640,Alice 1640,alice.16401640@example.com,Germany,984.22,2024-03-15
1641,Julia 1641,julia.16411641@example.com,Canada,839.23,2024-07-30
1642,George 1642,george.16421642@example.com,UK,664.05,2024-11-22
1643,Carlos 1643,carlos.16431643@example.com,UK,581.97,2024-06-25
1644,Alice 1644,alice.16441644@example.com,France,757.92,2024-02-29
1645,Alice 1645,alice.16451645@example.com,Canada,469.37,2024-08-31
1646,Eduardo 1646,eduardo.16461646@example.com,Italy,748.68,2024-09-29
1647,Diana 1647,diana.16471647@example.com,Spain,686.67,2024-07-18
1648,Hannah 1648,hannah.16481648@example.com,France,153.7,2024-08-10
1649,Alice 1649,alice.16491649@example.com,France,927.94,2024-08-17
1650,George 1650,george.16501650@example.com,Germany,962.14,2024-12-15
1651,Alice 1651,alice.16511651@example.com,Mexico,918.53,2024-11-22
1652,Fatima 1652,fatima.16521652@example.com,Spain,614.37,2024-11-29
1653,Eduardo 1653,eduardo.16531653@example.com,Germany,277.62,2024-02-20
1654,Eduardo 1654,eduardo.16541654@example.com,Brazil,397.24,2024-12-11
1655,Diana 1655,diana.16551655@example.com,Brazil,772.78,2024-09-23
1656,Fatima 1656,fatima.16561656@example.com,Canada,320.13,2024-01-06
1657,Alice 1657,alice.16571657@example.com,Mexico,21.84,2024-02-20
1658,Ivan 1658,ivan.16581658@example.com,Mexico,688.64,2024-06-28
1659,Diana 1659,diana.16591659@example.com,France,259.37,2024-01-18
1660,Alice 1660,alice.16601660@example.com,Brazil,101.02,2024-10-31
1661,Diana 1661,diana.16611661@example.com,Brazil,641.7,2024-12-28
1662,Bob 1662,bob.16621662@example.com,Mexico,857.87,2024-03-07
1663,George 1663,george.16631663@example.com,Brazil,805.16,2024-04-04
1664,Bob 1664,bob.16641664@example.com,Canada,260.8,2024-08-27
1665,Bob 1665,bob.16651665@example.com,Italy,923.46,2024-05-21
1666,George 1666,george.16661666@example.com,Germany,264.76,2024-02-07
1667,Eduardo 1667,eduardo.16671667@example.com,USA,388.97,2024-06-19
1668,Alice 1668,alice.16681668@example.com,France,956.04,2024-05-15
1669,Carlos 1669,carlos.16691669@example.com,Italy,78.7,2024-04-12
1670,Julia 1670,julia.16701670@example.com,Spain,186.66,2024-09-08
1671,Bob 1671,bob.16711671@example.com,Canada,545.22,2024-08-08
1672,Diana 1672,diana.16721672@example.com,Brazil,646.9,2024-08-14
1673,Eduardo 1673,eduardo.16731673@example.com,Mexico,44.51,2024-02-06
1674,Julia 1674,julia.16741674@example.com,France,779.46,2024-01-10
1675,Hannah 1675,hannah.16751675@example.com,Canada,656.33,2024-01-01
1676,Alice 1676,alice.16761676@example.com,Spain,273.77,2024-12-24
1677,Fatima 1677,fatima.16771677@example.com,Spain,578.89,2024-09-20
1678,Hannah 1678,hannah.16781678@example.com,Italy,441.69,2024-02-05
1679,Ivan 1679,ivan.16791679@example.com,UK,13.27,2024-12-18
1680,Hannah 1680,hannah.16801680@example.com,Mexico,571.57,2024-07-02
1681,Fatima 1681,fatima.16811681@example.com,France,406.6,2024-11-19
1682,Bob 1682,bob.16821682@example.com,Germany,539.27,2024-06-23
1683,Bob 1683,bob.16831683@example.com,Italy,762.84,2024-05-28
1684,Diana 1684,diana.16841684@example.com,Canada,558.93,2024-07-15
1685,Diana 1685,diana.16851685@example.com,France,698.92,2024-02-24
1686,Fatima 1686,fatima.16861686@example.com,Italy,94.01,2024-11-19
1687,Hannah 1687,hannah.16871687@example.com,UK,148.54,2024-04-08
1688,Alice 1688,alice.16881688@example.com,Brazil,246.1,2024-07-18
1689,Bob 1689,bob.16891689@example.com,Japan,646.97,2024-09-12
1690,Ivan 1690,ivan.16901690@example.com,Italy,966.9,2024-01-09
1691,Alice 1691,alice.16911691@example.com,Germany,65.49,2024-01-22
1692,George 1692,george.16921692@example.com,Mexico,219.56,2024-11-30
1693,Ivan 1693,ivan.16931693@example.com,Italy,940.68,2024-10-01
1694,Carlos 1694,carlos.16941694@example.com,Brazil,240.65,2024-02-06
1695,Alice 1695,alice.16951695@example.com,Canada,494.0,2024-01-10
1696,Hannah 1696,hannah.16961696@example.com,Brazil,55.34,2024-12-25
1697,Carlos 1697,carlos.16971697@example.com,USA,180.52,2024-01-26
1698,Eduardo 1698,eduardo.16981698@example.com,Mexico,461.62,2024-03-28
1699,Julia 1699,julia.16991699@example.com,Mexico,819.61,2024-02-24
1700,Bob 1700,bob.17001700@example.com,Italy,599.02,2024-11-11
1701,Diana 1701,diana.17011701@example.com,Mexico,806.4,2024-08-06
1702,Fatima 1702,fatima.17021702@example.com,Spain,330.99,2024-12-16
1703,Julia 1703,julia.17031703@example.com,Japan,145.95,2024-04-19
1704,Alice 1704,alice.17041704@example.com,Brazil,181.71,2024-02-02
1705,Bob 1705,bob.17051705@example.com,France,149.82,2024-07-31
1706,Carlos 1706,carlos.17061706@example.com,Germany,557.87,2024-08-12
1707,Diana 1707,diana.17071707@example.com,Brazil,50.29,2024-02-21
1708,Julia 1708,julia.17081708@example.com,Spain,779.88,2024-01-09
1709,Hannah 1709,hannah.17091709@example.com,Mexico,16.29,2024-04-01
1710,Bob 1710,bob.17101710@example.com,Brazil,888.04,2024-08-01
1711,Hannah 1711,hannah.17111711@example.com,Canada,214.1,2024-11-23
1712,Eduardo 1712,eduardo.17121712@example.com,Japan,455.91,2024-05-02
1713,Carlos 1713,carlos.17131713@example.com,Brazil,694.75,2024-11-01
1714,Carlos 1714,carlos.17141714@example.com,Italy,615.92,2024-02-15
1715,Eduardo 1715,eduardo.17151715@example.com,Germany,424.59,2024-10-12
1716,Diana 1716,diana.17161716@example.com,UK,126.33,2024-09-28
1717,Bob 1717,bob.17171717@example.com,Brazil,368.28,2024-10-03
1718,Ivan 1718,ivan.17181718@example.com,UK,469.57,2024-11-16
1719,Diana 1719,diana.17191719@example.com,France,62.54,2024-02-27
1720,Carlos 1720,carlos.17201720@example.com,Italy,502.53,2024-03-22
1721,Alice 1721,alice.17211721@example.com,USA,648.41,2024-05-25
1722,Diana 1722,diana.17221722@example.com,Spain,258.87,2024-11-11
1723,Hannah 1723,hannah.17231723@example.com,USA,113.38,2024-01-27
1724,Ivan 1724,ivan.17241724@example.com,Canada,166.46,2024-01-15
1725,Hannah 1725,hannah.17251725@example.com,Japan,124.9,2024-04-30
1726,Hannah 1726,hannah.17261726@example.com,Brazil,583.96,2024-08-02
1727,Diana 1727,diana.17271727@example.com,Germany,237.76,2024-02-26
1728,Fatima 1728,fatima.17281728@example.com,UK,107.08,2024-07-30
1729,Diana 1729,diana.17291729@example.com,Spain,892.44,2024-02-07
1730,Hannah 1730,hannah.17301730@example.com,Brazil,489.56,2024-08-11
1731,Carlos 1731,carlos.17311731@example.com,UK,928.6,2024-08-20
1732,Carlos 1732,carlos.17321732@example.com,Spain,379.75,2024-08-22
1733,Diana 1733,diana.17331733@example.com,Germany,975.79,2024-04-13
1734,Fatima 1734,fatima.17341734@example.com,Canada,41.77,2024-10-18
1735,Alice 1735,alice.17351735@example.com,France,145.14,2024-08-26
1736,Hannah 1736,hannah.17361736@example.com,Spain,179.49,2024-06-24
1737,Diana 1737,diana.17371737@example.com,France,607.59,2024-11-22
1738,Julia 1738,julia.17381738@example.com,Canada,582.33,2024-10-10
1739,Diana 1739,diana.17391739@example.com,Mexico,417.58,2024-09-24
1740,Hannah 1740,hannah.17401740@example.com,UK,595.66,2024-08-24
1741,Eduardo 1741,eduardo.17411741@example.com,USA,732.71,2024-05-06
1742,Diana 1742,diana.17421742@example.com,Germany,439.9,2024-04-23
1743,Julia 1743,julia.17431743@example.com,Canada,914.61,2024-01-03
1744,George 1744,george.17441744@example.com,USA,49.66,2024-08-28
1745,Ivan 1745,ivan.17451745@example.com,USA,431.44,2024-07-20
1746,Hannah 1746,hannah.17461746@example.com,Mexico,457.91,2024-05-03
1747,Bob 1747,bob.17471747@example.com,Japan,755.54,2024-12-20
1748,George 1748,george.17481748@example.com,UK,141.38,2024-05-31
1749,Diana 1749,diana.17491749@example.com,Mexico,25.77,2024-12-08
1750,Eduardo 1750,eduardo.17501750@example.com,Canada,706.26,2024-10-19
1751,Julia 1751,julia.17511751@example.com,USA,976.65,2024-08-25
1752,Carlos 1752,carlos.17521752@example.com,Spain,193.09,2024-07-08
1753,Hannah 1753,hannah.17531753@example.com,USA,861.77,2024-02-06
1754,George 1754,george.17541754@example.com,Germany,535.61,2024-05-31
1755,George 1755,george.17551755@example.com,France,701.07,2024-11-09
1756,Ivan 1756,ivan.17561756@example.com,Brazil,796.53,2024-12-16
1757,Bob 1757,bob.17571757@example.com,Brazil,882.03,2024-01-29
1758,Ivan 1758,ivan.17581758@example.com,Germany,889.09,2024-02-26
1759,George 1759,george.17591759@example.com,Germany,470.69,2024-01-21
1760,Fatima 1760,fatima.17601760@example.com,Germany,183.51,2024-10-13
1761,Bob 1761,bob.17611761@example.com,Japan,712.24,2024-04-14
1762,Carlos 1762,carlos.17621762@example.com,Germany,246.24,2024-02-28
1763,Hannah 1763,hannah.17631763@example.com,Brazil,872.41,2024-12-25
1764,Diana 1764,diana.17641764@example.com,UK,327.26,2024-05-16
1765,Ivan 1765,ivan.17651765@example.com,Spain,284.37,2024-02-02
1766,Fatima 1766,fatima.17661766@example.com,Germany,457.88,2024-09-13
1767,Ivan 1767,ivan.17671767@example.com,Mexico,475.46,2024-09-29
1768,Ivan 1768,ivan.17681768@example.com,France,457.45,2024-07-07
1769,Bob 1769,bob.17691769@example.com,UK,892.98,2024-08-22
1770,Bob 1770,bob.17701770@example.com,Mexico,396.77,2024-04-01
1771,Eduardo 1771,eduardo.17711771@example.com,Mexico,118.27,2024-05-21
1772,Bob 1772,bob.17721772@example.com,Canada,501.36,2024-04-14
1773,Ivan 1773,ivan.17731773@example.com,USA,300.23,2024-12-15
1774,Ivan 1774,ivan.17741774@example.com,Canada,479.16,2024-08-03
1775,Hannah 1775,hannah.17751775@example.com,USA,298.6,2024-02-02
1776,Alice 1776,alice.17761776@example.com,UK,836.59,2024-09-23
1777,Fatima 1777,fatima.17771777@example.com,Spain,582.91,2024-12-01
1778,Fatima 1778,fatima.17781778@example.com,Italy,597.42,2024-12-22
1779,Ivan 1779,ivan.17791779@example.com,Japan,450.8,2024-06-04
1780,Julia 1780,julia.17801780@example.com,Canada,899.29,2024-06-05
1781,Carlos 1781,carlos.17811781@example.com,France,234.51,2024-07-09
1782,Eduardo 1782,eduardo.17821782@example.com,USA,156.85,2024-05-25
1783,Hannah 1783,hannah.17831783@example.com,Canada,622.44,2024-03-23
1784,Ivan 1784,ivan.17841784@example.com,France,190.46,2024-03-30
1785,Carlos 1785,carlos.17851785@example.com,Canada,245.52,2024-01-22
1786,Fatima 1786,fatima.17861786@example.com,Brazil,135.21,2024-05-13
1787,Fatima 1787,fatima.17871787@example.com,Canada,213.1,2024-12-28
1788,Alice 1788,alice.17881788@example.com,Germany,978.23,2024-03-16
1789,Fatima 1789,fatima.17891789@example.com,Italy,544.46,2024-03-24
1790,Ivan 1790,ivan.17901790@example.com,France,130.27,2024-01-13
1791,George 1791,george.17911791@example.com,Italy,770.83,2024-08-22
1792,Fatima 1792,fatima.17921792@example.com,Canada,14.25,2024-10-06
1793,Ivan 1793,ivan.17931793@example.com,Germany,650.77,2024-05-31
1794,Hannah 1794,hannah.17941794@example.com,France,969.9,2024-10-20
1795,Carlos 1795,carlos.17951795@example.com,Brazil,731.25,2024-08-14
1796,Fatima 1796,fatima.17961796@example.com,Mexico,734.32,2024-01-21
1797,Carlos 1797,carlos.17971797@example.com,Japan,125.71,2024-01-13
1798,George 1798,george.17981798@example.com,Brazil,842.46,2024-08-16
1799,Fatima 1799,fatima.17991799@example.com,Mexico,333.1,2024-11-07
1800,Diana 1800,diana.18001800@example.com,Brazil,531.16,2024-05-22
1801,Diana 1801,diana.18011801@example.com,USA,92.75,2024-08-16
1802,Bob 1802,bob.18021802@example.com,Japan,400.48,2024-09-08
1803,Fatima 1803,fatima.18031803@example.com,Brazil,609.02,2024-01-29
1804,Fatima 1804,fatima.18041804@example.com,Spain,156.46,2024-08-06
1805,Fatima 1805,fatima.18051805@example.com,Spain,379.1,2024-05-25
1806,Fatima 1806,fatima.18061806@example.com,Germany,315.0,2024-08-16
1807,Ivan 1807,ivan.18071807@example.com,Mexico,223.54,2024-08-15
1808,George 1808,george.18081808@example.com,Italy,295.74,2024-08-05
1809,George 1809,george.18091809@example.com,Canada,837.15,2024-11-02
1810,Bob 1810,bob.18101810@example.com,Canada,215.7,2024-08-31
1811,Ivan 1811,ivan.18111811@example.com,Germany,75.45,2024-10-29
1812,George 1812,george.18121812@example.com,Mexico,16.55,2024-11-23
1813,Eduardo 1813,eduardo.18131813@example.com,Spain,183.14,2024-08-24
1814,Julia 1814,julia.18141814@example.com,Canada,207.26,2024-07-14
1815,Eduardo 1815,eduardo.18151815@example.com,Japan,495.67,2024-06-03
1816,Julia 1816,julia.18161816@example.com,France,499.15,2024-08-25
1817,Diana 1817,diana.18171817@example.com,USA,793.3,2024-03-19
1818,Eduardo 1818,eduardo.18181818@example.com,France,956.46,2024-11-21
1819,Hannah 1819,hannah.18191819@example.com,Mexico,657.27,2024-05-27
1820,George 1820,george.18201820@example.com,Canada,496.96,2024-12-18
1821,Diana 1821,diana.18211821@example.com,USA,128.16,2024-05-21
1822,Hannah 1822,hannah.18221822@example.com,Mexico,602.9,2024-07-04
1823,Julia 1823,julia.18231823@example.com,Italy,569.91,2024-05-12
1824,Hannah 1824,hannah.18241824@example.com,Mexico,379.47,2024-10-21
1825,Alice 1825,alice.18251825@example.com,France,171.22,2024-01-30
1826,Carlos 1826,carlos.18261826@example.com,Germany,466.43,2024-12-20
1827,Carlos 1827,carlos.18271827@example.com,Germany,171.67,2024-05-19
1828,Fatima 1828,fatima.18281828@example.com,Spain,639.88,2024-07-01
1829,Alice 1829,alice.18291829@example.com,France,298.74,2024-11-23
1830,Bob 1830,bob.18301830@example.com,Japan,201.87,2024-11-17
1831,Carlos 1831,carlos.18311831@example.com,Mexico,602.77,2024-03-26
1832,Ivan 1832,ivan.18321832@example.com,Germany,873.71,2024-12-16
1833,Eduardo 1833,eduardo.18331833@example.com,France,688.58,2024-12-18
1834,Fatima 1834,fatima.18341834@example.com,Mexico,539.07,2024-06-29
1835,Carlos 1835,carlos.18351835@example.com,USA,145.58,2024-05-24
1836,Fatima 1836,fatima.18361836@example.com,Italy,417.87,2024-03-24
1837,Bob 1837,bob.18371837@example.com,UK,163.01,2024-04-23
1838,Diana 1838,diana.18381838@example.com,Japan,617.29,2024-09-26
1839,Ivan 1839,ivan.18391839@example.com,Japan,705.24,2024-02-28
1840,George 1840,george.18401840@example.com,Italy,916.86,2024-02-29
1841,Carlos 1841,carlos.18411841@example.com,USA,484.72,2024-06-08
1842,Fatima 1842,fatima.18421842@example.com,Canada,818.86,2024-11-01
1843,Ivan 1843,ivan.18431843@example.com,Germany,180.48,2024-06-04
1844,Alice 1844,alice.18441844@example.com,Mexico,230.13,2024-12-21
1845,Carlos 1845,carlos.18451845@example.com,UK,314.35,2024-04-17
1846,Carlos 1846,carlos.18461846@example.com,Mexico,430.55,2024-02-27
1847,Bob 1847,bob.18471847@example.com,USA,776.94,2024-08-08
1848,Alice 1848,alice.18481848@example.com,UK,116.74,2024-12-03
1849,Ivan 1849,ivan.18491849@example.com,Brazil,68.67,2024-03-01
1850,Eduardo 1850,eduardo.18501850@example.com,USA,75.58,2024-12-07
1851,Alice 1851,alice.18511851@example.com,Mexico,784.54,2024-11-04
1852,Diana 1852,diana.18521852@example.com,Brazil,902.15,2024-04-04
1853,Fatima 1853,fatima.18531853@example.com,USA,99.87,2024-05-22
1854,Julia 1854,julia.18541854@example.com,Germany,358.68,2024-09-13
1855,Julia 1855,julia.18551855@example.com,UK,509.86,2024-02-04
1856,Bob 1856,bob.18561856@example.com,Brazil,765.6,2024-09-27
1857,Diana 1857,diana.18571857@example.com,UK,964.61,2024-03-28
1858,Ivan 1858,ivan.18581858@example.com,USA,973.83,2024-02-20
1859,Diana 1859,diana.18591859@example.com,Japan,852.78,2024-08-31
1860,Fatima 1860,fatima.18601860@example.com,Brazil,193.27,2024-12-10
1861,Bob 1861,bob.18611861@example.com,Canada,836.39,2024-07-13
1862,George 1862,george.18621862@example.com,UK,519.1,2024-07-27
1863,Bob 1863,bob.18631863@example.com,Germany,132.38,2024-02-26
1864,Ivan 1864,ivan.18641864@example.com,Canada,500.85,2024-07-03
1865,Eduardo 1865,eduardo.18651865@example.com,Japan,724.91,2024-02-12
1866,Fatima 1866,fatima.18661866@example.com,Italy,124.56,2024-05-25
1867,Hannah 1867,hannah.18671867@example.com,Brazil,738.81,2024-12-17
1868,Hannah 1868,hannah.18681868@example.com,UK,558.37,2024-05-28
1869,George 1869,george.18691869@example.com,UK,858.2,2024-08-31
1870,Fatima 1870,fatima.18701870@example.com,Canada,22.66,2024-12-11
1871,Hannah 1871,hannah.18711871@example.com,Mexico,402.4,2024-09-24
1872,Bob 1872,bob.18721872@example.com,Mexico,151.93,2024-07-24
1873,Julia 1873,julia.18731873@example.com,Mexico,744.01,2024-03-27
1874,Bob 1874,bob.18741874@example.com,Germany,975.45,2024-06-22
1875,Diana 1875,diana.18751875@example.com,Brazil,845.58,2024-07-25
1876,Bob 1876,bob.18761876@example.com,UK,839.72,2024-09-12
1877,Eduardo 1877,eduardo.18771877@example.com,Brazil,597.71,2024-11-25
1878,George 1878,george.18781878@example.com,Germany,481.06,2024-11-04
1879,George 1879,george.18791879@example.com,Italy,516.3,2024-03-16
1880,Hannah 1880,hannah.18801880@example.com,Mexico,130.97,2024-09-07
1881,Hannah 1881,hannah.18811881@example.com,UK,632.08,2024-03-09
1882,Alice 1882,alice.18821882@example.com,Mexico,740.41,2024-02-04
1883,Hannah 1883,hannah.18831883@example.com,USA,972.34,2024-07-14
1884,Julia 1884,julia.18841884@example.com,Germany,161.21,2024-11-14
1885,Julia 1885,julia.18851885@example.com,Mexico,762.56,2024-12-04
1886,Ivan 1886,ivan.18861886@example.com,Italy,794.8,2024-04-13
1887,Eduardo 1887,eduardo.18871887@example.com,Italy,495.34,2024-05-13
1888,Ivan 1888,ivan.18881888@example.com,Germany,811.38,2024-10-03
1889,Ivan 1889,ivan.18891889@example.com,USA,953.05,2024-01-17
1890,George 1890,george.18901890@example.com,Mexico,389.79,2024-06-10
1891,George 1891,george.18911891@example.com,Italy,465.06,2024-01-17
1892,Carlos 1892,carlos.18921892@example.com,Japan,662.81,2024-06-04
1893,Carlos 1893,carlos.18931893@example.com,Italy,436.37,2024-06-08
1894,George 1894,george.18941894@example.com,Italy,766.36,2024-10-18
1895,Hannah 1895,hannah.18951895@example.com,Japan,688.51,2024-10-19
1896,Hannah 1896,hannah.18961896@example.com,Italy,566.63,2024-03-21
1897,Ivan 1897,ivan.18971897@example.com,USA,397.47,2024-09-10
1898,Julia 1898,julia.18981898@example.com,Spain,620.76,2024-06-29
1899,Eduardo 1899,eduardo.18991899@example.com,Germany,70.81,2024-10-29
1900,Alice 1900,alice.19001900@example.com,Canada,838.56,2024-06-27
1901,Julia 1901,julia.19011901@example.com,USA,767.53,2024-11-16
1902,Fatima 1902,fatima.19021902@example.com,Spain,106.38,2024-06-25
1903,Fatima 1903,fatima.19031903@example.com,Spain,357.75,2024-12-04
1904,Diana 1904,diana.19041904@example.com,UK,242.27,2024-06-08
1905,Julia 1905,julia.19051905@example.com,Mexico,911.28,2024-02-03
1906,Eduardo 1906,eduardo.19061906@example.com,Mexico,344.21,2024-01-11
1907,Ivan 1907,ivan.19071907@example.com,Germany,47.0,2024-12-02
1908,George 1908,george.19081908@example.com,Brazil,519.61,2024-08-03
1909,Eduardo 1909,eduardo.19091909@example.com,USA,698.99,2024-10-28
1910,Alice 1910,alice.19101910@example.com,Germany,383.96,2024-07-18
1911,Fatima 1911,fatima.19111911@example.com,Brazil,106.75,2024-09-07
1912,Bob 1912,bob.19121912@example.com,UK,342.6,2024-09-14
1913,Fatima 1913,fatima.19131913@example.com,Canada,618.67,2024-07-05
1914,George 1914,george.19141914@example.com,UK,501.98,2024-02-08
1915,Ivan 1915,ivan.19151915@example.com,UK,294.48,2024-01-25
1916,Eduardo 1916,eduardo.19161916@example.com,Brazil,408.0,2024-04-25
1917,Julia 1917,julia.19171917@example.com,Mexico,720.52,2024-10-23
1918,Bob 1918,bob.19181918@example.com,Brazil,343.47,2024-02-04
1919,Julia 1919,julia.19191919@example.com,Japan,480.51,2024-04-17
1920,Fatima 1920,fatima.19201920@example.com,Mexico,655.01,2024-06-03
1921,Ivan 1921,ivan.19211921@example.com,France,438.58,2024-10-03
1922,Fatima 1922,fatima.19221922@example.com,UK,420.17,2024-05-08
1923,Julia 1923,julia.19231923@example.com,Japan,458.69,2024-10-07
1924,Carlos 1924,carlos.19241924@example.com,USA,631.56,2024-09-21
1925,Carlos 1925,carlos.19251925@example.com,Brazil,504.21,2024-12-04
1926,Hannah 1926,hannah.19261926@example.com,France,937.78,2024-09-29
1927,Julia 1927,julia.19271927@example.com,Spain,935.28,2024-11-16
1928,Alice 1928,alice.19281928@example.com,Japan,208.64,2024-08-24
1929,Carlos 1929,carlos.19291929@example.com,UK,158.97,2024-12-16
1930,Eduardo 1930,eduardo.19301930@example.com,Spain,416.15,2024-02-02
1931,Diana 1931,diana.19311931@example.com,Spain,274.26,2024-05-26
1932,Carlos 1932,carlos.19321932@example.com,France,689.98,2024-04-30
1933,George 1933,george.19331933@example.com,UK,122.42,2024-04-08
1934,Alice 1934,alice.19341934@example.com,UK,799.07,2024-06-07
1935,Hannah 1935,hannah.19351935@example.com,Italy,564.22,2024-08-11
1936,George 1936,george.19361936@example.com,USA,209.97,2024-05-19
1937,Carlos 1937,carlos.19371937@example.com,USA,265.81,2024-05-22
1938,Ivan 1938,ivan.19381938@example.com,Canada,647.84,2024-01-22
1939,Hannah 1939,hannah.19391939@example.com,USA,64.77,2024-02-12
1940,Fatima 1940,fatima.19401940@example.com,Brazil,305.0,2024-02-02
1941,George 1941,george.19411941@example.com,Germany,674.95,2024-02-16
1942,George 1942,george.19421942@example.com,Canada,243.68,2024-10-19
1943,Ivan 1943,ivan.19431943@example.com,Mexico,526.73,2024-10-24
1944,Ivan 1944,ivan.19441944@example.com,France,501.48,2024-02-16
1945,Diana 1945,diana.19451945@example.com,Brazil,131.05,2024-06-09
1946,Fatima 1946,fatima.19461946@example.com,Brazil,739.86,2024-04-30
1947,George 1947,george.19471947@example.com,UK,152.83,2024-03-30
1948,Diana 1948,diana.19481948@example.com,France,445.08,2024-05-10
1949,Julia 1949,julia.19491949@example.com,USA,495.45,2024-07-10
1950,Bob 1950,bob.19501950@example.com,Germany,550.28,2024-08-31
1951,Diana 1951,diana.19511951@example.com,France,880.63,2024-03-15
1952,Fatima 1952,fatima.19521952@example.com,Italy,718.51,2024-06-06
1953,Alice 1953,alice.19531953@example.com,Brazil,44.46,2024-12-05
1954,Alice 1954,alice.19541954@example.com,UK,260.45,2024-07-15
1955,Eduardo 1955,eduardo.19551955@example.com,Germany,904.12,2024-12-16
1956,Bob 1956,bob.19561956@example.com,Japan,868.27,2024-08-14
1957,George 1957,george.19571957@example.com,USA,910.68,2024-07-20
1958,Eduardo 1958,eduardo.19581958@example.com,France,99.35,2024-04-30
1959,Eduardo 1959,eduardo.19591959@example.com,UK,860.81,2024-03-23
1960,Hannah 1960,hannah.19601960@example.com,Germany,880.66,2024-11-25
1961,George 1961,george.19611961@example.com,USA,281.29,2024-02-11
1962,Hannah 1962,hannah.19621962@example.com,Italy,739.57,2024-06-19
1963,George 1963,george.19631963@example.com,Mexico,826.15,2024-12-23
1964,Eduardo 1964,eduardo.19641964@example.com,Japan,75.7,2024-08-03
1965,Julia 1965,julia.19651965@example.com,Japan,740.4,2024-08-20
1966,Alice 1966,alice.19661966@example.com,USA,644.95,2024-04-04
1967,Hannah 1967,hannah.19671967@example.com,Canada,13.05,2024-04-12
1968,Eduardo 1968,eduardo.19681968@example.com,Germany,580.05,2024-02-26
1969,Carlos 1969,carlos.19691969@example.com,UK,521.2,2024-11-28
1970,Carlos 1970,carlos.19701970@example.com,Brazil,688.89,2024-06-12
1971,Hannah 1971,hannah.19711971@example.com,Italy,874.76,2024-03-09
1972,Eduardo 1972,eduardo.19721972@example.com,Canada,690.59,2024-06-16
1973,Eduardo 1973,eduardo.19731973@example.com,UK,93.55,2024-07-07
1974,Carlos 1974,carlos.19741974@example.com,Spain,877.62,2024-10-19
1975,Diana 1975,diana.19751975@example.com,USA,948.62,2024-10-12
1976,Julia 1976,julia.19761976@example.com,UK,907.77,2024-08-24
1977,Diana 1977,diana.19771977@example.com,France,704.24,2024-03-27
1978,Alice 1978,alice.19781978@example.com,Spain,621.82,2024-11-03
1979,Eduardo 1979,eduardo.19791979@example.com,Canada,98.17,2024-07-07
1980,Carlos 1980,carlos.19801980@example.com,Brazil,126.18,2024-09-26
1981,George 1981,george.19811981@example.com,Italy,828.98,2024-09-10
1982,Bob 1982,bob.19821982@example.com,UK,716.42,2024-04-07
1983,Eduardo 1983,eduardo.19831983@example.com,France,748.97,2024-07-14
1984,Carlos 1984,carlos.19841984@example.com,Spain,857.77,2024-11-03
1985,Diana 1985,diana.19851985@example.com,France,729.43,2024-04-06
1986,George 1986,george.19861986@example.com,Canada,414.43,2024-03-15
1987,Alice 1987,alice.19871987@example.com,France,976.36,2024-04-30
1988,Julia 1988,julia.19881988@example.com,Italy,908.25,2024-07-08
1989,Julia 1989,julia.19891989@example.com,Italy,94.88,2024-08-28
1990,Carlos 1990,carlos.19901990@example.com,Germany,974.65,2024-07-22
1991,Diana 1991,diana.19911991@example.com,Spain,711.36,2024-11-01
1992,Eduardo 1992,eduardo.19921992@example.com,Mexico,104.33,2024-01-31
1993,Alice 1993,alice.19931993@example.com,Germany,931.74,2024-08-29
1994,Fatima 1994,fatima.19941994@example.com,Brazil,939.92,2024-11-02
1995,Alice 1995,alice.19951995@example.com,USA,261.12,2024-11-13
1996,George 1996,george.19961996@example.com,France,977.74,2024-12-09
1997,Fatima 1997,fatima.19971997@example.com,Canada,968.37,2024-10-13
1998,Alice 1998,alice.19981998@example.com,Brazil,187.58,2024-03-27
1999,Ivan 1999,ivan.19991999@example.com,Italy,931.01,2024-08-27
2000,Carlos 2000,carlos.20002000@example.com,Mexico,324.14,2024-09-28
